{"type":"FeatureCollection","meta":{"solicitudes_total":198,"centros_mapeados":224,"menciones_sin_coordenada":9,"generado":"scripts/build_solicitudes_reloc.mjs"},"features":[{"type":"Feature","geometry":{"type":"Point","coordinates":[-73.112075,-45.298375]},"properties":{"codigo":"110207","n_solicitudes":1,"any_fusion":false,"holding":"MOWI CHILE S.A.","solicitudes":"[{\"titular\":\"ACUINOVA CHILE S.A.\",\"holding\":\"MOWI CHILE S.A.\",\"fecha\":\"2012-05-07\",\"tipo\":\"RELOCALIZACION\",\"estado\":\"SOLICITUD EN PROCESO DE RECHAZO\",\"fusion\":false,\"co_centros\":[]}]"}},{"type":"Feature","geometry":{"type":"Point","coordinates":[-73.200197,-44.808044]},"properties":{"codigo":"110204","n_solicitudes":1,"any_fusion":false,"holding":"EMPRESAS AQUACHILE S.A.","solicitudes":"[{\"titular\":\"AGUAS CLARAS S.A.\",\"holding\":\"EMPRESAS AQUACHILE S.A.\",\"fecha\":\"2012-12-26\",\"tipo\":\"RELOCALIZACION\",\"estado\":\"SOLICITUD EN PROCESO DE EVALUACION DE INSPECCION DE TERRENO REALIZADA POR SERNAPESCA\",\"fusion\":false,\"co_centros\":[]}]"}},{"type":"Feature","geometry":{"type":"Point","coordinates":[-73.965806,-46.223583]},"properties":{"codigo":"110378","n_solicitudes":1,"any_fusion":false,"holding":"EMPRESAS AQUACHILE S.A.","solicitudes":"[{\"titular\":\"SALMONES FRIOSUR S.A.\",\"holding\":\"EMPRESAS AQUACHILE S.A.\",\"fecha\":\"2012-09-05\",\"tipo\":\"RELOCALIZACIÓN\",\"estado\":\"SOLICITUD ESPERA NOTIFICACION AMBIENTAL\",\"fusion\":false,\"co_centros\":[]}]"}},{"type":"Feature","geometry":{"type":"Point","coordinates":[-73.848922,-44.148972]},"properties":{"codigo":"110523","n_solicitudes":1,"any_fusion":false,"holding":"EMPRESAS AQUACHILE S.A.","solicitudes":"[{\"titular\":\"AGUAS CLARAS S.A.\",\"holding\":\"EMPRESAS AQUACHILE S.A.\",\"fecha\":\"2012-12-17\",\"tipo\":\"RELOCALIZACION\",\"estado\":\"SOLICITUD ESPERA NOTIFICACION AMBIENTAL\",\"fusion\":false,\"co_centros\":[]}]"}},{"type":"Feature","geometry":{"type":"Point","coordinates":[-73.629706,-46.209256]},"properties":{"codigo":"110769","n_solicitudes":2,"any_fusion":true,"holding":"COOKE AQUACULTURE CHILE S.A.","solicitudes":"[{\"titular\":\"COOKE AQUACULTURE CHILE S.A.\",\"holding\":\"COOKE AQUACULTURE CHILE S.A.\",\"fecha\":\"2011-03-05\",\"tipo\":\"DIVISIÓN/RELOCALIZACION\",\"estado\":\"SOLICITUD SUPEDITADA A ENVIO DE ANTECEDENTES\",\"fusion\":true,\"co_centros\":[\"110261\"]},{\"titular\":\"COOKE AQUACULTURE CHILE S.A.\",\"holding\":\"COOKE AQUACULTURE CHILE S.A.\",\"fecha\":\"2011-03-05\",\"tipo\":\"DIVISION; RELOCALIZACION\",\"estado\":\"SOLICITUD CORREPSONDE A SECTOR REMANENTE\",\"fusion\":false,\"co_centros\":[]}]"}},{"type":"Feature","geometry":{"type":"Point","coordinates":[-73.575136,-46.253047]},"properties":{"codigo":"110261","n_solicitudes":1,"any_fusion":true,"holding":"COOKE AQUACULTURE CHILE S.A.","solicitudes":"[{\"titular\":\"COOKE AQUACULTURE CHILE S.A.\",\"holding\":\"COOKE AQUACULTURE CHILE S.A.\",\"fecha\":\"2011-03-05\",\"tipo\":\"DIVISIÓN/RELOCALIZACION\",\"estado\":\"SOLICITUD SUPEDITADA A ENVIO DE ANTECEDENTES\",\"fusion\":true,\"co_centros\":[\"110769\"]}]"}},{"type":"Feature","geometry":{"type":"Point","coordinates":[-73.22985,-44.634458]},"properties":{"codigo":"110206","n_solicitudes":1,"any_fusion":false,"holding":"EMPRESAS AQUACHILE S.A.","solicitudes":"[{\"titular\":\"AGUAS CLARAS S.A.\",\"holding\":\"EMPRESAS AQUACHILE S.A.\",\"fecha\":\"2013-02-13\",\"tipo\":\"RELOCALIZACION\",\"estado\":\"SOLICITUD ESPERA NOTIFICACION AMBIENTAL\",\"fusion\":false,\"co_centros\":[]}]"}},{"type":"Feature","geometry":{"type":"Point","coordinates":[-73.78185,-45.363422]},"properties":{"codigo":"110347","n_solicitudes":1,"any_fusion":false,"holding":"EMPRESAS AQUACHILE S.A.","solicitudes":"[{\"titular\":\"SALMONES FRIOSUR S.A.\",\"holding\":\"EMPRESAS AQUACHILE S.A.\",\"fecha\":\"2011-08-12\",\"tipo\":\"RELOCALIZACION\",\"estado\":\"PARA SOLICITAR INSPECCION TERRENO\",\"fusion\":false,\"co_centros\":[]}]"}},{"type":"Feature","geometry":{"type":"Point","coordinates":[-73.795808,-51.407517]},"properties":{"codigo":"120149","n_solicitudes":3,"any_fusion":true,"holding":"EMPRESAS AQUACHILE S.A.","solicitudes":"[{\"titular\":\"AQUACHILE MAGALLANES SPA\",\"holding\":\"EMPRESAS AQUACHILE S.A.\",\"fecha\":\"2025-12-02\",\"tipo\":\"DIVISION-RELOCALIZACION\",\"estado\":\"SOLICITUD ESPERA EVALUACION UNIDAD DE ORDENAMIENTO TERRITORIAL DE SUBPESCA\",\"fusion\":false,\"co_centros\":[]},{\"titular\":\"AQUACHILE MAGALLANES SPA\",\"holding\":\"EMPRESAS AQUACHILE S.A.\",\"fecha\":\"2025-12-02\",\"tipo\":\"DIVISION-FUSION-RELOCALIZACION\",\"estado\":\"SOLICITUD ESPERA EVALUACION UNIDAD DE ORDENAMIENTO TERRITORIAL DE SUBPESCA\",\"fusion\":true,\"co_centros\":[\"120113\"]},{\"titular\":\"AQUACHILE MAGALLANES SPA\",\"holding\":\"EMPRESAS AQUACHILE S.A.\",\"fecha\":\"2025-12-02\",\"tipo\":\"DIVISION-FUSION-RELOCALIZACION\",\"estado\":\"SOLICITUD ESPERA EVALUACION UNIDAD DE ORDENAMIENTO TERRITORIAL DE SUBPESCA\",\"fusion\":true,\"co_centros\":[\"120094\"]}]"}},{"type":"Feature","geometry":{"type":"Point","coordinates":[-72.905364,-51.77045]},"properties":{"codigo":"120113","n_solicitudes":1,"any_fusion":true,"holding":"EMPRESAS AQUACHILE S.A.","solicitudes":"[{\"titular\":\"AQUACHILE MAGALLANES SPA\",\"holding\":\"EMPRESAS AQUACHILE S.A.\",\"fecha\":\"2025-12-02\",\"tipo\":\"DIVISION-FUSION-RELOCALIZACION\",\"estado\":\"SOLICITUD ESPERA EVALUACION UNIDAD DE ORDENAMIENTO TERRITORIAL DE SUBPESCA\",\"fusion\":true,\"co_centros\":[\"120149\"]}]"}},{"type":"Feature","geometry":{"type":"Point","coordinates":[-72.961467,-51.767669]},"properties":{"codigo":"120094","n_solicitudes":1,"any_fusion":true,"holding":"EMPRESAS AQUACHILE S.A.","solicitudes":"[{\"titular\":\"AQUACHILE MAGALLANES SPA\",\"holding\":\"EMPRESAS AQUACHILE S.A.\",\"fecha\":\"2025-12-02\",\"tipo\":\"DIVISION-FUSION-RELOCALIZACION\",\"estado\":\"SOLICITUD ESPERA EVALUACION UNIDAD DE ORDENAMIENTO TERRITORIAL DE SUBPESCA\",\"fusion\":true,\"co_centros\":[\"120149\"]}]"}},{"type":"Feature","geometry":{"type":"Point","coordinates":[-73.681967,-45.218819]},"properties":{"codigo":"110783","n_solicitudes":1,"any_fusion":false,"holding":"AUSTRALIS MAR S.A","solicitudes":"[{\"titular\":\"AUSTRALIS MAR S.A.\",\"holding\":\"AUSTRALIS MAR S.A\",\"fecha\":\"2010-02-11\",\"tipo\":\"RELOCALIZACION\",\"estado\":\"SOLICITUD ESPERA NOTIFICACION AMBIENTAL\",\"fusion\":false,\"co_centros\":[]}]"}},{"type":"Feature","geometry":{"type":"Point","coordinates":[-72.906494,-45.462886]},"properties":{"codigo":"110276","n_solicitudes":3,"any_fusion":false,"holding":"MARINE FARM","solicitudes":"[{\"titular\":\"PISCICULTURA PALQUI LTDA.\",\"holding\":\"MARINE FARM\",\"fecha\":\"2010-08-22\",\"tipo\":\"RELOCALIZACION\",\"estado\":\"SOLICITUD EN PROCESO DE RECHAZO\",\"fusion\":false,\"co_centros\":[]},{\"titular\":\"PISCICULTURA PALQUI LTDA.\",\"holding\":\"MARINE FARM\",\"fecha\":\"2012-06-24\",\"tipo\":\"DIVISION; RELOCALIZACION\",\"estado\":\"SOLICITUD ESPERA NOTIFICACION AMBIENTAL\",\"fusion\":false,\"co_centros\":[]},{\"titular\":\"PISCICULTURA PALQUI LTDA.\",\"holding\":\"MARINE FARM\",\"fecha\":\"2012-06-24\",\"tipo\":\"DIVISION/RELOCALIZACION\",\"estado\":\"PARA SOLICITAR INSPECCION TERRENO\",\"fusion\":false,\"co_centros\":[]}]"}},{"type":"Feature","geometry":{"type":"Point","coordinates":[-72.841969,-45.416453]},"properties":{"codigo":"110277","n_solicitudes":3,"any_fusion":false,"holding":"MARINE FARM","solicitudes":"[{\"titular\":\"PISCICULTURA PALQUI LTDA.\",\"holding\":\"MARINE FARM\",\"fecha\":\"2012-06-24\",\"tipo\":\"DIVISION; RELOCALIZACION\",\"estado\":\"SOLICITUD EN PROCESO DE RECHAZO\",\"fusion\":false,\"co_centros\":[]},{\"titular\":\"PISCICULTURA PALQUI LTDA.\",\"holding\":\"MARINE FARM\",\"fecha\":\"2012-04-15\",\"tipo\":\"DIVISION; RELOCALIZACION\",\"estado\":\"SOLICITUD CORREPSONDE A SECTOR REMANENTE\",\"fusion\":false,\"co_centros\":[]},{\"titular\":\"PISCICULTURA PALQUI LTDA.\",\"holding\":\"MARINE FARM\",\"fecha\":\"2012-04-15\",\"tipo\":\"DIVISION; RELOCALIZACION\",\"estado\":\"SOLICITUD CORREPSONDE A SECTOR REMANENTE\",\"fusion\":false,\"co_centros\":[]}]"}},{"type":"Feature","geometry":{"type":"Point","coordinates":[-73.749922,-44.037294]},"properties":{"codigo":"110525","n_solicitudes":1,"any_fusion":false,"holding":"MOWI CHILE S.A.","solicitudes":"[{\"titular\":\"SALMONES TECMAR S.A.\",\"holding\":\"MOWI CHILE S.A.\",\"fecha\":\"2011-02-23\",\"tipo\":\"RELOCALIZACION\",\"estado\":\"SOLICITUD ESPERA NOTIFICACION AMBIENTAL\",\"fusion\":false,\"co_centros\":[]}]"}},{"type":"Feature","geometry":{"type":"Point","coordinates":[-73.747586,-45.042403]},"properties":{"codigo":"110807","n_solicitudes":1,"any_fusion":false,"holding":"AUSTRALIS MAR S.A","solicitudes":"[{\"titular\":\"AUSTRALIS MAR S.A\",\"holding\":\"AUSTRALIS MAR S.A\",\"fecha\":\"2018-11-19\",\"tipo\":\"RELOCALIZACIÓN\",\"estado\":\"SOLICITUD ESPERA NOTIFICACION AMBIENTAL\",\"fusion\":false,\"co_centros\":[]}]"}},{"type":"Feature","geometry":{"type":"Point","coordinates":[-74.081592,-45.762869]},"properties":{"codigo":"110821","n_solicitudes":1,"any_fusion":true,"holding":"AUSTRALIS MAR S.A","solicitudes":"[{\"titular\":\"AUSTRALIS MAR S.A\",\"holding\":\"AUSTRALIS MAR S.A\",\"fecha\":\"2019-12-17\",\"tipo\":\"DIVISION-FUSION-RELOCALIZACION\",\"estado\":\"SUPEDITADA A PLAN DE MANEJO DE AREA PROTEGIDA\",\"fusion\":true,\"co_centros\":[\"110679\"]}]"}},{"type":"Feature","geometry":{"type":"Point","coordinates":[-74.083483,-45.638078]},"properties":{"codigo":"110679","n_solicitudes":1,"any_fusion":true,"holding":"AUSTRALIS MAR S.A","solicitudes":"[{\"titular\":\"AUSTRALIS MAR S.A\",\"holding\":\"AUSTRALIS MAR S.A\",\"fecha\":\"2019-12-17\",\"tipo\":\"DIVISION-FUSION-RELOCALIZACION\",\"estado\":\"SUPEDITADA A PLAN DE MANEJO DE AREA PROTEGIDA\",\"fusion\":true,\"co_centros\":[\"110821\"]}]"}},{"type":"Feature","geometry":{"type":"Point","coordinates":[-73.878589,-44.393475]},"properties":{"codigo":"110744","n_solicitudes":1,"any_fusion":false,"holding":"EMPRESAS AQUACHILE S.A.","solicitudes":"[{\"titular\":\"EXPORTADORA LOS FIORDOS LTDA.\",\"holding\":\"EMPRESAS AQUACHILE S.A.\",\"fecha\":\"2010-08-22\",\"tipo\":\"RELOCALIZACION\",\"estado\":\"SUPEDITADA A PLAN DE MANEJO DE AREA PROTEGIDA\",\"fusion\":false,\"co_centros\":[]}]"}},{"type":"Feature","geometry":{"type":"Point","coordinates":[-73.728414,-45.480997]},"properties":{"codigo":"110809","n_solicitudes":1,"any_fusion":false,"holding":"AUSTRALIS MAR S.A","solicitudes":"[{\"titular\":\"AUSTRALIS MAR S.A\",\"holding\":\"AUSTRALIS MAR S.A\",\"fecha\":\"2020-02-26\",\"tipo\":\"RELOCALIZACIÓN\",\"estado\":\"SOLICITUD EN PROCESO DE EVALUACION DE INSPECCION DE TERRENO REALIZADA POR SERNAPESCA\",\"fusion\":false,\"co_centros\":[]}]"}},{"type":"Feature","geometry":{"type":"Point","coordinates":[-74.282878,-44.173742]},"properties":{"codigo":"110627","n_solicitudes":1,"any_fusion":false,"holding":"BLUMAR S.A.","solicitudes":"[{\"titular\":\"SALMONES BLUMAR S.A.\",\"holding\":\"BLUMAR S.A.\",\"fecha\":\"2011-07-07\",\"tipo\":\"RELOCALIZACION\",\"estado\":\"SOLICITUD ESPERA NOTIFICACION AMBIENTAL\",\"fusion\":false,\"co_centros\":[]}]"}},{"type":"Feature","geometry":{"type":"Point","coordinates":[-74.230439,-45.397897]},"properties":{"codigo":"110835","n_solicitudes":1,"any_fusion":true,"holding":"AUSTRALIS MAR S.A","solicitudes":"[{\"titular\":\"AUSTRALIS MAR S.A\",\"holding\":\"AUSTRALIS MAR S.A\",\"fecha\":\"2020-06-05\",\"tipo\":\"FUSION; RELOCALIZACION\",\"estado\":\"SOLICITUD EN PROCESO DE RECHAZO\",\"fusion\":true,\"co_centros\":[\"110903\"]}]"}},{"type":"Feature","geometry":{"type":"Point","coordinates":[-74.240597,-45.402997]},"properties":{"codigo":"110903","n_solicitudes":1,"any_fusion":true,"holding":"AUSTRALIS MAR S.A","solicitudes":"[{\"titular\":\"AUSTRALIS MAR S.A\",\"holding\":\"AUSTRALIS MAR S.A\",\"fecha\":\"2020-06-05\",\"tipo\":\"FUSION; RELOCALIZACION\",\"estado\":\"SOLICITUD EN PROCESO DE RECHAZO\",\"fusion\":true,\"co_centros\":[\"110835\"]}]"}},{"type":"Feature","geometry":{"type":"Point","coordinates":[-74.065881,-45.669036]},"properties":{"codigo":"110636","n_solicitudes":1,"any_fusion":true,"holding":"AUSTRALIS MAR S.A","solicitudes":"[{\"titular\":\"AUSTRALIS MAR S.A\",\"holding\":\"AUSTRALIS MAR S.A\",\"fecha\":\"2020-06-05\",\"tipo\":\"DIVISIÓN-FUSIÓN-RELOCALIZACIÓN\",\"estado\":\"SOLICITUD EN PROCESO DE EVALUACION DE INSPECCION DE TERRENO REALIZADA POR SERNAPESCA\",\"fusion\":true,\"co_centros\":[\"110709\"]}]"}},{"type":"Feature","geometry":{"type":"Point","coordinates":[-74.480031,-45.640253]},"properties":{"codigo":"110709","n_solicitudes":1,"any_fusion":true,"holding":"AUSTRALIS MAR S.A","solicitudes":"[{\"titular\":\"AUSTRALIS MAR S.A\",\"holding\":\"AUSTRALIS MAR S.A\",\"fecha\":\"2020-06-05\",\"tipo\":\"DIVISIÓN-FUSIÓN-RELOCALIZACIÓN\",\"estado\":\"SOLICITUD EN PROCESO DE EVALUACION DE INSPECCION DE TERRENO REALIZADA POR SERNAPESCA\",\"fusion\":true,\"co_centros\":[\"110636\"]}]"}},{"type":"Feature","geometry":{"type":"Point","coordinates":[-72.839811,-45.465075]},"properties":{"codigo":"110015","n_solicitudes":2,"any_fusion":false,"holding":"EMPRESAS AQUACHILE S.A.","solicitudes":"[{\"titular\":\"AYSÉN SPA\",\"holding\":\"EMPRESAS AQUACHILE S.A.\",\"fecha\":\"2011-06-11\",\"tipo\":\"RELOCALIZACION\",\"estado\":\"SOLICITUD EN PROCESO DE RECHAZO\",\"fusion\":false,\"co_centros\":[]},{\"titular\":\"EXPORTADORA LOS FIORDOS LTDA.\",\"holding\":\"EMPRESAS AQUACHILE S.A.\",\"fecha\":\"2011-06-11\",\"tipo\":\"RELOCALIZACION\",\"estado\":\"SOLICITUD EN PROCESO DE RECHAZO\",\"fusion\":false,\"co_centros\":[]}]"}},{"type":"Feature","geometry":{"type":"Point","coordinates":[-73.179306,-42.254972]},"properties":{"codigo":"102183","n_solicitudes":1,"any_fusion":false,"holding":"CERMAQ CHILE S.A","solicitudes":"[{\"titular\":\"CERMAQ CHILE S.A.\",\"holding\":\"CERMAQ CHILE S.A\",\"fecha\":\"2010-08-22\",\"tipo\":\"RELOCALIZACION\",\"estado\":\"SOLICITUD EN PROCESO DE EVALUACION DE INSPECCION DE TERRENO REALIZADA POR SERNAPESCA\",\"fusion\":false,\"co_centros\":[]}]"}},{"type":"Feature","geometry":{"type":"Point","coordinates":[-72.984967,-45.448742]},"properties":{"codigo":"110045","n_solicitudes":3,"any_fusion":false,"holding":"EMPRESAS AQUACHILE S.A.","solicitudes":"[{\"titular\":\"EXPORTADORA LOS FIORDOS LTDA.\",\"holding\":\"EMPRESAS AQUACHILE S.A.\",\"fecha\":\"2014-10-12\",\"tipo\":\"DIVISION; RELOCALIZACION\",\"estado\":\"SOLICITUD CORREPSONDE A SECTOR REMANENTE\",\"fusion\":false,\"co_centros\":[]},{\"titular\":\"EXPORTADORA LOS FIORDOS LTDA.\",\"holding\":\"EMPRESAS AQUACHILE S.A.\",\"fecha\":\"2013-10-12\",\"tipo\":\"DIVISION; RELOCALIZACION\",\"estado\":\"PARA SOLICITAR INSPECCION TERRENO\",\"fusion\":false,\"co_centros\":[]},{\"titular\":\"EXPORTADORA LOS FIORDOS LTDA\",\"holding\":\"EMPRESAS AQUACHILE S.A.\",\"fecha\":\"2011-07-27\",\"tipo\":\"DIVISIÓN/RELOCALIZACION\",\"estado\":\"SOLICITUD SUPEDITADA A ENVIO DE ANTECEDENTES\",\"fusion\":false,\"co_centros\":[]}]"}},{"type":"Feature","geometry":{"type":"Point","coordinates":[-73.999672,-45.025056]},"properties":{"codigo":"110931","n_solicitudes":1,"any_fusion":true,"holding":"EMPRESAS YADRAN.","solicitudes":"[{\"titular\":\"CULTIVOS MARINOS YADRAN S.A.\",\"holding\":\"EMPRESAS YADRAN.\",\"fecha\":\"2022-03-19\",\"tipo\":\"FUSION-RELOCALIZACION\",\"estado\":\"SOLICITUD ESPERA EVALUACION UNIDAD DE ORDENAMIENTO TERRITORIAL DE SUBPESCA\",\"fusion\":true,\"co_centros\":[\"110676\"]}]"}},{"type":"Feature","geometry":{"type":"Point","coordinates":[-73.821525,-44.992508]},"properties":{"codigo":"110676","n_solicitudes":1,"any_fusion":true,"holding":"EMPRESAS YADRAN.","solicitudes":"[{\"titular\":\"CULTIVOS MARINOS YADRAN S.A.\",\"holding\":\"EMPRESAS YADRAN.\",\"fecha\":\"2022-03-19\",\"tipo\":\"FUSION-RELOCALIZACION\",\"estado\":\"SOLICITUD ESPERA EVALUACION UNIDAD DE ORDENAMIENTO TERRITORIAL DE SUBPESCA\",\"fusion\":true,\"co_centros\":[\"110931\"]}]"}},{"type":"Feature","geometry":{"type":"Point","coordinates":[-72.900444,-44.6519]},"properties":{"codigo":"110175","n_solicitudes":1,"any_fusion":false,"holding":"EMPRESAS AQUACHILE S.A.","solicitudes":"[{\"titular\":\"EXPORTADORA LOS FIORDOS LTDA.\",\"holding\":\"EMPRESAS AQUACHILE S.A.\",\"fecha\":\"2014-08-24\",\"tipo\":\"RELOCALIZACION\",\"estado\":\"PARA SOLICITAR INSPECCION TERRENO\",\"fusion\":false,\"co_centros\":[]}]"}},{"type":"Feature","geometry":{"type":"Point","coordinates":[-74.084294,-45.417917]},"properties":{"codigo":"110413","n_solicitudes":1,"any_fusion":false,"holding":"CERMAQ CHILE S.A","solicitudes":"[{\"titular\":\"MAINSTREAM CHILE S.A.\",\"holding\":\"CERMAQ CHILE S.A\",\"fecha\":\"2013-07-30\",\"tipo\":\"RELOCALIZACION\",\"estado\":\"PARA SOLICITAR INSPECCION TERRENO\",\"fusion\":false,\"co_centros\":[]}]"}},{"type":"Feature","geometry":{"type":"Point","coordinates":[-74.352628,-44.85235]},"properties":{"codigo":"110638","n_solicitudes":1,"any_fusion":true,"holding":"EMPRESAS YADRAN.","solicitudes":"[{\"titular\":\"CULTIVOS YADRAN S.A\",\"holding\":\"EMPRESAS YADRAN.\",\"fecha\":\"2020-03-19\",\"tipo\":\"FUSION-RELOCALIZACION\",\"estado\":\"SOLICITUD EN PROCESO DE EVALUACION DE INSPECCION DE TERRENO REALIZADA POR SERNAPESCA\",\"fusion\":true,\"co_centros\":[\"110832\"]}]"}},{"type":"Feature","geometry":{"type":"Point","coordinates":[-73.574181,-44.096578]},"properties":{"codigo":"110832","n_solicitudes":1,"any_fusion":true,"holding":"EMPRESAS YADRAN.","solicitudes":"[{\"titular\":\"CULTIVOS YADRAN S.A\",\"holding\":\"EMPRESAS YADRAN.\",\"fecha\":\"2020-03-19\",\"tipo\":\"FUSION-RELOCALIZACION\",\"estado\":\"SOLICITUD EN PROCESO DE EVALUACION DE INSPECCION DE TERRENO REALIZADA POR SERNAPESCA\",\"fusion\":true,\"co_centros\":[\"110638\"]}]"}},{"type":"Feature","geometry":{"type":"Point","coordinates":[-73.490986,-44.299367]},"properties":{"codigo":"110597","n_solicitudes":1,"any_fusion":false,"holding":"EMPRESAS YADRAN.","solicitudes":"[{\"titular\":\"CULTIVOS YADRAN S.A\",\"holding\":\"EMPRESAS YADRAN.\",\"fecha\":\"2020-03-19\",\"tipo\":\"RELOCALIZACIÓN\",\"estado\":\"SOLICITUD ESPERA NOTIFICACION AMBIENTAL\",\"fusion\":false,\"co_centros\":[]}]"}},{"type":"Feature","geometry":{"type":"Point","coordinates":[-74.299511,-44.896572]},"properties":{"codigo":"110720","n_solicitudes":1,"any_fusion":true,"holding":"EMPRESAS YADRAN.","solicitudes":"[{\"titular\":\"CULTIVOS YADRÁN S.A.\",\"holding\":\"EMPRESAS YADRAN.\",\"fecha\":\"2020-04-28\",\"tipo\":\"FUSION-RELOCALIZACION\",\"estado\":\"SOLICITUD ESPERA EVALUACION UNIDAD DE ORDENAMIENTO TERRITORIAL DE SUBPESCA\",\"fusion\":true,\"co_centros\":[\"110652\"]}]"}},{"type":"Feature","geometry":{"type":"Point","coordinates":[-74.301653,-44.950292]},"properties":{"codigo":"110652","n_solicitudes":1,"any_fusion":true,"holding":"EMPRESAS YADRAN.","solicitudes":"[{\"titular\":\"CULTIVOS YADRÁN S.A.\",\"holding\":\"EMPRESAS YADRAN.\",\"fecha\":\"2020-04-28\",\"tipo\":\"FUSION-RELOCALIZACION\",\"estado\":\"SOLICITUD ESPERA EVALUACION UNIDAD DE ORDENAMIENTO TERRITORIAL DE SUBPESCA\",\"fusion\":true,\"co_centros\":[\"110720\"]}]"}},{"type":"Feature","geometry":{"type":"Point","coordinates":[-73.807394,-45.455819]},"properties":{"codigo":"110586","n_solicitudes":1,"any_fusion":false,"holding":"CERMAQ CHILE S.A","solicitudes":"[{\"titular\":\"MAINSTREAM CHILE S.A.\",\"holding\":\"CERMAQ CHILE S.A\",\"fecha\":\"2013-07-30\",\"tipo\":\"RELOCALIZACION\",\"estado\":\"SOLICITUD ESPERA NOTIFICACION AMBIENTAL\",\"fusion\":false,\"co_centros\":[]}]"}},{"type":"Feature","geometry":{"type":"Point","coordinates":[-74.040089,-45.714939]},"properties":{"codigo":"110786","n_solicitudes":1,"any_fusion":false,"holding":"AUSTRALIS MAR S.A","solicitudes":"[{\"titular\":\"AUSTRALIS MAR S.A.\",\"holding\":\"AUSTRALIS MAR S.A\",\"fecha\":\"2015-09-30\",\"tipo\":\"RELOCALIZACION\",\"estado\":\"PARA SOLICITAR INSPECCION TERRENO\",\"fusion\":false,\"co_centros\":[]}]"}},{"type":"Feature","geometry":{"type":"Point","coordinates":[-74.026831,-44.863042]},"properties":{"codigo":"110898","n_solicitudes":1,"any_fusion":false,"holding":"EMPRESAS YADRAN.","solicitudes":"[{\"titular\":\"CULTIVOS YADRÁN S.A.\",\"holding\":\"EMPRESAS YADRAN.\",\"fecha\":\"2020-04-28\",\"tipo\":\"RELOCALIZACION\",\"estado\":\"SOLICITUD ESPERA EVALUACION UNIDAD DE ORDENAMIENTO TERRITORIAL DE SUBPESCA\",\"fusion\":false,\"co_centros\":[]}]"}},{"type":"Feature","geometry":{"type":"Point","coordinates":[-73.773211,-44.297494]},"properties":{"codigo":"110880","n_solicitudes":1,"any_fusion":true,"holding":"EMPRESAS YADRAN.","solicitudes":"[{\"titular\":\"CULTIVOS YADRÁN S.A.\",\"holding\":\"EMPRESAS YADRAN.\",\"fecha\":\"2021-02-17\",\"tipo\":\"FUSIÓN-RELOCALIZACIÓN\",\"estado\":\"SOLICITUD ESPERA NOTIFICACION AMBIENTAL\",\"fusion\":true,\"co_centros\":[\"110694\"]}]"}},{"type":"Feature","geometry":{"type":"Point","coordinates":[-74.437472,-44.694744]},"properties":{"codigo":"110694","n_solicitudes":1,"any_fusion":true,"holding":"EMPRESAS YADRAN.","solicitudes":"[{\"titular\":\"CULTIVOS YADRÁN S.A.\",\"holding\":\"EMPRESAS YADRAN.\",\"fecha\":\"2021-02-17\",\"tipo\":\"FUSIÓN-RELOCALIZACIÓN\",\"estado\":\"SOLICITUD ESPERA NOTIFICACION AMBIENTAL\",\"fusion\":true,\"co_centros\":[\"110880\"]}]"}},{"type":"Feature","geometry":{"type":"Point","coordinates":[-73.787686,-43.352044]},"properties":{"codigo":"102063","n_solicitudes":1,"any_fusion":false,"holding":"EMPRESAS AQUACHILE S.A.","solicitudes":"[{\"titular\":\"EMPRESAS AQUACHILE S.A\",\"holding\":\"EMPRESAS AQUACHILE S.A.\",\"fecha\":\"2015-04-13\",\"tipo\":\"RELOCALIZACIÓN\",\"estado\":\"SOLICITUD EN PROCESO DE EVALUACION DE INSPECCION DE TERRENO REALIZADA POR SERNAPESCA\",\"fusion\":false,\"co_centros\":[]}]"}},{"type":"Feature","geometry":{"type":"Point","coordinates":[-73.858517,-44.712494]},"properties":{"codigo":"110468","n_solicitudes":1,"any_fusion":false,"holding":"EMPRESAS AQUACHILE S.A.","solicitudes":"[{\"titular\":\"EMPRESAS AQUACHILE S.A.\",\"holding\":\"EMPRESAS AQUACHILE S.A.\",\"fecha\":\"2010-08-22\",\"tipo\":\"RELOCALIZACION\",\"estado\":\"SOLICITUD ESPERA NOTIFICACION AMBIENTAL\",\"fusion\":false,\"co_centros\":[]}]"}},{"type":"Feature","geometry":{"type":"Point","coordinates":[-73.102994,-44.176356]},"properties":{"codigo":"110223","n_solicitudes":1,"any_fusion":false,"holding":"EMPRESAS AQUACHILE S.A.","solicitudes":"[{\"titular\":\"EMPRESAS AQUACHILE S.A.\",\"holding\":\"EMPRESAS AQUACHILE S.A.\",\"fecha\":\"2011-02-16\",\"tipo\":\"RELOCALIZACION\",\"estado\":\"SOLICITUD ESPERA NOTIFICACION AMBIENTAL\",\"fusion\":false,\"co_centros\":[]}]"}},{"type":"Feature","geometry":{"type":"Point","coordinates":[-73.763103,-44.723036]},"properties":{"codigo":"110252","n_solicitudes":1,"any_fusion":false,"holding":"EMPRESAS AQUACHILE S.A.","solicitudes":"[{\"titular\":\"EMPRESAS AQUACHILE S.A.\",\"holding\":\"EMPRESAS AQUACHILE S.A.\",\"fecha\":\"2013-01-01\",\"tipo\":\"RELOCALIZACION\",\"estado\":\"SOLICITUD EN PROCESO DE EVALUACION DE INSPECCION DE TERRENO REALIZADA POR SERNAPESCA\",\"fusion\":false,\"co_centros\":[]}]"}},{"type":"Feature","geometry":{"type":"Point","coordinates":[-73.721644,-44.893839]},"properties":{"codigo":"110609","n_solicitudes":1,"any_fusion":false,"holding":"EMPRESAS AQUACHILE S.A.","solicitudes":"[{\"titular\":\"EMPRESAS AQUACHILE S.A.\",\"holding\":\"EMPRESAS AQUACHILE S.A.\",\"fecha\":\"2013-01-01\",\"tipo\":\"RELOCALIZACION\",\"estado\":\"SOLICITUD EN PROCESO DE EVALUACION DE INSPECCION DE TERRENO REALIZADA POR SERNAPESCA\",\"fusion\":false,\"co_centros\":[]}]"}},{"type":"Feature","geometry":{"type":"Point","coordinates":[-73.022383,-45.421739]},"properties":{"codigo":"110350","n_solicitudes":3,"any_fusion":true,"holding":"SALMONES ANTARTICA S.A","solicitudes":"[{\"titular\":\"SALMONES ANTARTICA S.A.\",\"holding\":\"SALMONES ANTARTICA S.A\",\"fecha\":\"2017-12-20\",\"tipo\":\"DIVISION/RELOCALIZACION/FUSION\",\"estado\":\"SOLICITUD ESPERA NOTIFICACION AMBIENTAL\",\"fusion\":true,\"co_centros\":[\"110453\"]},{\"titular\":\"SALMONES ANTARTICA S.A.\",\"holding\":\"SALMONES ANTARTICA S.A\",\"fecha\":\"2018-09-26\",\"tipo\":\"FUSION/RELOCALIZACION\",\"estado\":\"SOLICITUD EN PROCESO DE RECHAZO\",\"fusion\":true,\"co_centros\":[\"110453\"]},{\"titular\":\"SALMONES ANTARTICA S.A.\",\"holding\":\"SALMONES ANTARTICA S.A\",\"fecha\":\"2018-09-26\",\"tipo\":\"DIVISION/RELOCALIZACION/FUSION  DIVISION/RELOCALIZACION/FUSION\",\"estado\":\"SOLICITUD EN PROCESO DE RECHAZO\",\"fusion\":true,\"co_centros\":[\"110453\"]}]"}},{"type":"Feature","geometry":{"type":"Point","coordinates":[-73.196972,-45.290489]},"properties":{"codigo":"110453","n_solicitudes":10,"any_fusion":true,"holding":"SALMONES ANTARTICA S.A","solicitudes":"[{\"titular\":\"SALMONES ANTARTICA S.A.\",\"holding\":\"SALMONES ANTARTICA S.A\",\"fecha\":\"2017-12-20\",\"tipo\":\"DIVISION/RELOCALIZACION/FUSION\",\"estado\":\"SOLICITUD ESPERA NOTIFICACION AMBIENTAL\",\"fusion\":true,\"co_centros\":[\"110350\"]},{\"titular\":\"SALMONES ANTARTICA S.A.\",\"holding\":\"SALMONES ANTARTICA S.A\",\"fecha\":\"2018-09-26\",\"tipo\":\"FUSION/RELOCALIZACION\",\"estado\":\"SOLICITUD EN PROCESO DE RECHAZO\",\"fusion\":true,\"co_centros\":[\"110350\"]},{\"titular\":\"SALMONES ANTARTICA S.A.\",\"holding\":\"SALMONES ANTARTICA S.A\",\"fecha\":\"2018-09-26\",\"tipo\":\"DIVISION/RELOCALIZACION/FUSION  DIVISION/RELOCALIZACION/FUSION\",\"estado\":\"SOLICITUD EN PROCESO DE RECHAZO\",\"fusion\":true,\"co_centros\":[\"110350\"]},{\"titular\":\"SALMONES ANTARTICA S.A.\",\"holding\":\"SALMONES ANTARTICA S.A\",\"fecha\":\"2018-01-10\",\"tipo\":\"FUSION/RELOCALIZACION\",\"estado\":\"SOLICITUD ESPERA NOTIFICACION AMBIENTAL\",\"fusion\":true,\"co_centros\":[\"110889\"]},{\"titular\":\"SALMONES ANTARTICA S.A.\",\"holding\":\"SALMONES ANTARTICA S.A\",\"fecha\":\"2018-09-26\",\"tipo\":\"DIVISION/RELOCALIZACION/FUSION\",\"estado\":\"SOLICITUD ESPERA NOTIFICACION AMBIENTAL\",\"fusion\":true,\"co_centros\":[\"110122\"]},{\"titular\":\"SALMONES ANTARTICA S.A.\",\"holding\":\"SALMONES ANTARTICA S.A\",\"fecha\":\"2017-12-20\",\"tipo\":\"DIVISION/RELOCALIZACION/FUSION\",\"estado\":\"SOLICITUD ESPERA NOTIFICACION AMBIENTAL\",\"fusion\":true,\"co_centros\":[\"110082\"]},{\"titular\":\"SALMONES ANTARTICA S.A.\",\"holding\":\"SALMONES ANTARTICA S.A\",\"fecha\":\"2017-12-20\",\"tipo\":\"DIVISION/ RELOCALIZACION\",\"estado\":\"SOLICITUD ESPERA NOTIFICACION AMBIENTAL\",\"fusion\":false,\"co_centros\":[]},{\"titular\":\"SALMONES ANTARTICA S.A.\",\"holding\":\"SALMONES ANTARTICA S.A\",\"fecha\":\"2017-12-20\",\"tipo\":\"DIVISION/ RELOCALIZACION\",\"estado\":\"SOLICITUD ESPERA NOTIFICACION AMBIENTAL\",\"fusion\":false,\"co_centros\":[]},{\"titular\":\"SALMONES ANTARTICA S.A.\",\"holding\":\"SALMONES ANTARTICA S.A\",\"fecha\":\"2017-12-20\",\"tipo\":\"DIVISION/ RELOCALIZACION\",\"estado\":\"SOLICITUD CORREPSONDE A SECTOR REMANENTE\",\"fusion\":false,\"co_centros\":[]},{\"titular\":\"SALMONES ANTARTICA S.A.\",\"holding\":\"SALMONES ANTARTICA S.A\",\"fecha\":\"2017-12-20\",\"tipo\":\"DIVISION/RELOCALIZACION/FUSION\",\"estado\":\"SOLICITUD ESPERA NOTIFICACION AMBIENTAL\",\"fusion\":true,\"co_centros\":[\"110082\"]}]"}},{"type":"Feature","geometry":{"type":"Point","coordinates":[-73.330606,-45.307036]},"properties":{"codigo":"110889","n_solicitudes":2,"any_fusion":true,"holding":"SALMONES ANTARTICA S.A","solicitudes":"[{\"titular\":\"SALMONES ANTARTICA S.A.\",\"holding\":\"SALMONES ANTARTICA S.A\",\"fecha\":\"2018-01-10\",\"tipo\":\"FUSION/RELOCALIZACION\",\"estado\":\"SOLICITUD ESPERA NOTIFICACION AMBIENTAL\",\"fusion\":true,\"co_centros\":[\"110453\"]},{\"titular\":\"SALMONES ANTARTICA S.A.\",\"holding\":\"SALMONES ANTARTICA S.A\",\"fecha\":\"2017-12-20\",\"tipo\":\"DIVISION/ RELOCALIZACION\",\"estado\":\"SOLICITUD CORREPSONDE A SECTOR REMANENTE\",\"fusion\":false,\"co_centros\":[]}]"}},{"type":"Feature","geometry":{"type":"Point","coordinates":[-73.559169,-44.718831]},"properties":{"codigo":"110408","n_solicitudes":1,"any_fusion":false,"holding":"EMPRESAS AQUACHILE S.A.","solicitudes":"[{\"titular\":\"EMPRESAS AQUACHILE S.A.\",\"holding\":\"EMPRESAS AQUACHILE S.A.\",\"fecha\":\"2013-02-13\",\"tipo\":\"RELOCALIZACION\",\"estado\":\"SOLICITUD EN PROCESO DE EVALUACION DE INSPECCION DE TERRENO REALIZADA POR SERNAPESCA\",\"fusion\":false,\"co_centros\":[]}]"}},{"type":"Feature","geometry":{"type":"Point","coordinates":[-73.009733,-43.74145]},"properties":{"codigo":"110402","n_solicitudes":1,"any_fusion":false,"holding":"EMPRESAS AQUACHILE S.A.","solicitudes":"[{\"titular\":\"EMPRESAS AQUACHILE S.A.\",\"holding\":\"EMPRESAS AQUACHILE S.A.\",\"fecha\":\"2014-12-18\",\"tipo\":\"RELOCALIZACION\",\"estado\":\"SUPEDITADA A PLAN DE MANEJO DE AREA PROTEGIDA\",\"fusion\":false,\"co_centros\":[]}]"}},{"type":"Feature","geometry":{"type":"Point","coordinates":[-73.277728,-45.316056]},"properties":{"codigo":"110509","n_solicitudes":4,"any_fusion":true,"holding":"SALMONES ANTARTICA S.A","solicitudes":"[{\"titular\":\"SALMONES ANTARTICA S.A.\",\"holding\":\"SALMONES ANTARTICA S.A\",\"fecha\":\"2018-03-20\",\"tipo\":\"DIVISION/RELOCALIZACION/FUSION\",\"estado\":\"SOLICITUD CORREPSONDE A SECTOR REMANENTE\",\"fusion\":true,\"co_centros\":[\"110890\"]},{\"titular\":\"SALMONES ANTARTICA S.A\",\"holding\":\"SALMONES ANTARTICA S.A\",\"fecha\":\"2018-03-20\",\"tipo\":\"DIVISION/RELOCALIZACION/FUSION\",\"estado\":\"SUPEDITADA A PLAN DE MANEJO DE AREA PROTEGIDA\",\"fusion\":true,\"co_centros\":[]},{\"titular\":\"SALMONES ANTARTICA S.A\",\"holding\":\"SALMONES ANTARTICA S.A\",\"fecha\":\"2018-03-20\",\"tipo\":\"DIVISION/RELOCALIZACION/FUSION\",\"estado\":\"SUPEDITADA A PLAN DE MANEJO DE AREA PROTEGIDA\",\"fusion\":true,\"co_centros\":[]},{\"titular\":\"SALMONES ANTARTICA S.A\",\"holding\":\"SALMONES ANTARTICA S.A\",\"fecha\":\"2018-03-20\",\"tipo\":\"DIVISION/RELOCALIZACION/FUSION\",\"estado\":\"SUPEDITADA A PLAN DE MANEJO DE AREA PROTEGIDA\",\"fusion\":true,\"co_centros\":[\"110890\"]}]"}},{"type":"Feature","geometry":{"type":"Point","coordinates":[-73.316878,-45.38475]},"properties":{"codigo":"110890","n_solicitudes":2,"any_fusion":true,"holding":"SALMONES ANTARTICA S.A","solicitudes":"[{\"titular\":\"SALMONES ANTARTICA S.A.\",\"holding\":\"SALMONES ANTARTICA S.A\",\"fecha\":\"2018-03-20\",\"tipo\":\"DIVISION/RELOCALIZACION/FUSION\",\"estado\":\"SOLICITUD CORREPSONDE A SECTOR REMANENTE\",\"fusion\":true,\"co_centros\":[\"110509\"]},{\"titular\":\"SALMONES ANTARTICA S.A\",\"holding\":\"SALMONES ANTARTICA S.A\",\"fecha\":\"2018-03-20\",\"tipo\":\"DIVISION/RELOCALIZACION/FUSION\",\"estado\":\"SUPEDITADA A PLAN DE MANEJO DE AREA PROTEGIDA\",\"fusion\":true,\"co_centros\":[\"110509\"]}]"}},{"type":"Feature","geometry":{"type":"Point","coordinates":[-73.038725,-43.738878]},"properties":{"codigo":"110412","n_solicitudes":1,"any_fusion":false,"holding":"EMPRESAS AQUACHILE S.A.","solicitudes":"[{\"titular\":\"EMPRESAS AQUACHILE S.A.\",\"holding\":\"EMPRESAS AQUACHILE S.A.\",\"fecha\":\"2014-12-18\",\"tipo\":\"RELOCALIZACION\",\"estado\":\"SOLICITUD EN PROCESO DE EVALUACION DE INSPECCION DE TERRENO REALIZADA POR SERNAPESCA\",\"fusion\":false,\"co_centros\":[]}]"}},{"type":"Feature","geometry":{"type":"Point","coordinates":[-72.9985,-43.744964]},"properties":{"codigo":"110407","n_solicitudes":1,"any_fusion":false,"holding":"EMPRESAS AQUACHILE S.A.","solicitudes":"[{\"titular\":\"EMPRESAS AQUACHILE S.A.\",\"holding\":\"EMPRESAS AQUACHILE S.A.\",\"fecha\":\"2014-12-18\",\"tipo\":\"RELOCALIZACION\",\"estado\":\"SUPEDITADA A PLAN DE MANEJO DE AREA PROTEGIDA\",\"fusion\":false,\"co_centros\":[]}]"}},{"type":"Feature","geometry":{"type":"Point","coordinates":[-74.062153,-45.140033]},"properties":{"codigo":"110434","n_solicitudes":1,"any_fusion":false,"holding":"EMPRESAS AQUACHILE S.A.","solicitudes":"[{\"titular\":\"EMPRESAS AQUACHILE S.A.\",\"holding\":\"EMPRESAS AQUACHILE S.A.\",\"fecha\":\"2011-11-09\",\"tipo\":\"RELOCALIZACION\",\"estado\":\"PARA SOLICITAR INSPECCION TERRENO\",\"fusion\":false,\"co_centros\":[]}]"}},{"type":"Feature","geometry":{"type":"Point","coordinates":[-73.126247,-44.566153]},"properties":{"codigo":"110849","n_solicitudes":1,"any_fusion":true,"holding":"EMPRESAS AQUACHILE S.A.","solicitudes":"[{\"titular\":\"EMPRESAS AQUACHILE S.A.\",\"holding\":\"EMPRESAS AQUACHILE S.A.\",\"fecha\":null,\"tipo\":\"FUSION-RELOCALIZACION\",\"estado\":\"SOLICITUD ESPERA NOTIFICACION AMBIENTAL\",\"fusion\":true,\"co_centros\":[\"110414\"]}]"}},{"type":"Feature","geometry":{"type":"Point","coordinates":[-73.033133,-44.273233]},"properties":{"codigo":"110414","n_solicitudes":1,"any_fusion":true,"holding":"EMPRESAS AQUACHILE S.A.","solicitudes":"[{\"titular\":\"EMPRESAS AQUACHILE S.A.\",\"holding\":\"EMPRESAS AQUACHILE S.A.\",\"fecha\":null,\"tipo\":\"FUSION-RELOCALIZACION\",\"estado\":\"SOLICITUD ESPERA NOTIFICACION AMBIENTAL\",\"fusion\":true,\"co_centros\":[\"110849\"]}]"}},{"type":"Feature","geometry":{"type":"Point","coordinates":[-73.197483,-44.019517]},"properties":{"codigo":"110213","n_solicitudes":1,"any_fusion":false,"holding":"EMPRESAS AQUACHILE S.A.","solicitudes":"[{\"titular\":\"EMPRESAS AQUACHILE S.A.\",\"holding\":\"EMPRESAS AQUACHILE S.A.\",\"fecha\":\"2012-12-17\",\"tipo\":\"RELOCALIZACION\",\"estado\":\"SUPEDITADA A PLAN DE MANEJO DE AREA PROTEGIDA\",\"fusion\":false,\"co_centros\":[]}]"}},{"type":"Feature","geometry":{"type":"Point","coordinates":[-73.786575,-44.26345]},"properties":{"codigo":"110684","n_solicitudes":1,"any_fusion":false,"holding":"MARINE FARM","solicitudes":"[{\"titular\":\"GRANJA MARINA TORNAGALEONES S.A.\",\"holding\":\"MARINE FARM\",\"fecha\":\"2020-03-11\",\"tipo\":\"RELOCALIZACIÓN\",\"estado\":\"SOLICITUD EN PROCESO DE EVALUACION DE INSPECCION DE TERRENO REALIZADA POR SERNAPESCA\",\"fusion\":false,\"co_centros\":[]}]"}},{"type":"Feature","geometry":{"type":"Point","coordinates":[-74.189314,-45.66255]},"properties":{"codigo":"110894","n_solicitudes":1,"any_fusion":true,"holding":"AUSTRALIS MAR S.A","solicitudes":"[{\"titular\":\"AUSTRALIS MAR S.A.\",\"holding\":\"AUSTRALIS MAR S.A\",\"fecha\":\"2020-03-30\",\"tipo\":\"DIVISION/RELOCALIZACION/FUSION\",\"estado\":\"SUPEDITADA A PLAN DE MANEJO DE AREA PROTEGIDA\",\"fusion\":true,\"co_centros\":[\"110879\",\"110678\"]}]"}},{"type":"Feature","geometry":{"type":"Point","coordinates":[-74.282961,-45.756581]},"properties":{"codigo":"110879","n_solicitudes":1,"any_fusion":true,"holding":"AUSTRALIS MAR S.A","solicitudes":"[{\"titular\":\"AUSTRALIS MAR S.A.\",\"holding\":\"AUSTRALIS MAR S.A\",\"fecha\":\"2020-03-30\",\"tipo\":\"DIVISION/RELOCALIZACION/FUSION\",\"estado\":\"SUPEDITADA A PLAN DE MANEJO DE AREA PROTEGIDA\",\"fusion\":true,\"co_centros\":[\"110894\",\"110678\"]}]"}},{"type":"Feature","geometry":{"type":"Point","coordinates":[-74.020283,-45.727194]},"properties":{"codigo":"110678","n_solicitudes":1,"any_fusion":true,"holding":"AUSTRALIS MAR S.A","solicitudes":"[{\"titular\":\"AUSTRALIS MAR S.A.\",\"holding\":\"AUSTRALIS MAR S.A\",\"fecha\":\"2020-03-30\",\"tipo\":\"DIVISION/RELOCALIZACION/FUSION\",\"estado\":\"SUPEDITADA A PLAN DE MANEJO DE AREA PROTEGIDA\",\"fusion\":true,\"co_centros\":[\"110894\",\"110879\"]}]"}},{"type":"Feature","geometry":{"type":"Point","coordinates":[-72.804694,-44.402783]},"properties":{"codigo":"110837","n_solicitudes":1,"any_fusion":false,"holding":"MARINE FARM","solicitudes":"[{\"titular\":\"GRANJA MARINA TORNAGALEONES S.A.\",\"holding\":\"MARINE FARM\",\"fecha\":\"2020-03-11\",\"tipo\":\"RELOCALIZACIÓN\",\"estado\":\"SOLICITUD ESPERA NOTIFICACION AMBIENTAL\",\"fusion\":false,\"co_centros\":[]}]"}},{"type":"Feature","geometry":{"type":"Point","coordinates":[-73.737353,-44.247364]},"properties":{"codigo":"110776","n_solicitudes":1,"any_fusion":false,"holding":"MARINE FARM","solicitudes":"[{\"titular\":\"GRANJA MARINA TORNAGALEONES S.A.\",\"holding\":\"MARINE FARM\",\"fecha\":\"2020-03-11\",\"tipo\":\"RELOCALIZACIÓN\",\"estado\":\"SOLICITUD ESPERA NOTIFICACION AMBIENTAL\",\"fusion\":false,\"co_centros\":[]}]"}},{"type":"Feature","geometry":{"type":"Point","coordinates":[-73.218464,-44.101233]},"properties":{"codigo":"110851","n_solicitudes":1,"any_fusion":false,"holding":"MARINE FARM","solicitudes":"[{\"titular\":\"GRANJA MARINA TORNAGALEONES S.A.\",\"holding\":\"MARINE FARM\",\"fecha\":\"2020-08-30\",\"tipo\":\"RELOCALIZACIÓN\",\"estado\":\"PARA SOLICITAR INSPECCION TERRENO\",\"fusion\":false,\"co_centros\":[]}]"}},{"type":"Feature","geometry":{"type":"Point","coordinates":[-72.861025,-44.8108]},"properties":{"codigo":"110692","n_solicitudes":1,"any_fusion":false,"holding":"MARINE FARM","solicitudes":"[{\"titular\":\"GRANJA MARINA TORNAGALEONES S.A.\",\"holding\":\"MARINE FARM\",\"fecha\":\"2020-07-31\",\"tipo\":\"RELOCALIZACIÓN\",\"estado\":\"SOLICITUD ESPERA NOTIFICACION AMBIENTAL\",\"fusion\":false,\"co_centros\":[]}]"}},{"type":"Feature","geometry":{"type":"Point","coordinates":[-74.065122,-44.442539]},"properties":{"codigo":"110602","n_solicitudes":1,"any_fusion":false,"holding":"MOWI CHILE S.A.","solicitudes":"[{\"titular\":\"MARINE HARVEST CHILE S.A.\",\"holding\":\"MOWI CHILE S.A.\",\"fecha\":\"2010-04-11\",\"tipo\":\"RELOCALIZACION\",\"estado\":\"SUPEDITADA A PLAN DE MANEJO DE AREA PROTEGIDA\",\"fusion\":false,\"co_centros\":[]}]"}},{"type":"Feature","geometry":{"type":"Point","coordinates":[-73.494597,-44.985478]},"properties":{"codigo":"110311","n_solicitudes":1,"any_fusion":false,"holding":"MOWI CHILE S.A.","solicitudes":"[{\"titular\":\"MARINE HARVEST CHILE S.A.\",\"holding\":\"MOWI CHILE S.A.\",\"fecha\":\"2014-07-20\",\"tipo\":\"RELOCALIZACION\",\"estado\":\"PARA SOLICITAR INSPECCION TERRENO\",\"fusion\":false,\"co_centros\":[]}]"}},{"type":"Feature","geometry":{"type":"Point","coordinates":[-73.366053,-45.185464]},"properties":{"codigo":"110901","n_solicitudes":1,"any_fusion":false,"holding":"SALMONES AUSTRAL S.A.","solicitudes":"[{\"titular\":\"SALMONES PACIFIC STAR S.A.\",\"holding\":\"SALMONES AUSTRAL S.A.\",\"fecha\":\"2020-03-25\",\"tipo\":\"RELOCALIZACION\",\"estado\":\"SOLICITUD ESPERA EVALUACION UNIDAD DE ORDENAMIENTO TERRITORIAL DE SUBPESCA\",\"fusion\":false,\"co_centros\":[]}]"}},{"type":"Feature","geometry":{"type":"Point","coordinates":[-72.475958,-41.721683]},"properties":{"codigo":"101679","n_solicitudes":1,"any_fusion":true,"holding":"MULTIEXPORT FOODS S.A.","solicitudes":"[{\"titular\":\"MULTIEPORT PACIFIC FARMS S.A.\",\"holding\":\"MULTIEXPORT FOODS S.A.\",\"fecha\":\"2022-04-25\",\"tipo\":\"FUSION-RELOCALIZACION\",\"estado\":\"SOLICITUD EN PROCESO DE EVALUACION DE INSPECCION DE TERRENO REALIZADA POR SERNAPESCA\",\"fusion\":true,\"co_centros\":[\"103894\"]}]"}},{"type":"Feature","geometry":{"type":"Point","coordinates":[-72.456931,-41.698856]},"properties":{"codigo":"103894","n_solicitudes":1,"any_fusion":true,"holding":"MULTIEXPORT FOODS S.A.","solicitudes":"[{\"titular\":\"MULTIEPORT PACIFIC FARMS S.A.\",\"holding\":\"MULTIEXPORT FOODS S.A.\",\"fecha\":\"2022-04-25\",\"tipo\":\"FUSION-RELOCALIZACION\",\"estado\":\"SOLICITUD EN PROCESO DE EVALUACION DE INSPECCION DE TERRENO REALIZADA POR SERNAPESCA\",\"fusion\":true,\"co_centros\":[\"101679\"]}]"}},{"type":"Feature","geometry":{"type":"Point","coordinates":[-72.542028,-42.063333]},"properties":{"codigo":"101541","n_solicitudes":1,"any_fusion":false,"holding":"MULTIEXPORT FOODS S.A.","solicitudes":"[{\"titular\":\"MULTIEPORT PACIFIC FARMS S.A.\",\"holding\":\"MULTIEXPORT FOODS S.A.\",\"fecha\":\"2022-04-25\",\"tipo\":\"RELOCALIZACION\",\"estado\":\"SOLICITUD EN PROCESO DE RECHAZO\",\"fusion\":false,\"co_centros\":[]}]"}},{"type":"Feature","geometry":{"type":"Point","coordinates":[-74.222292,-45.068856]},"properties":{"codigo":"110830","n_solicitudes":1,"any_fusion":false,"holding":"AUSTRALIS MAR S.A","solicitudes":"[{\"titular\":\"AUSTRALIS MAR S.A.\",\"holding\":\"AUSTRALIS MAR S.A\",\"fecha\":null,\"tipo\":\"RELOCALIZACIÓN\",\"estado\":\"SOLICITUD ESPERA EVALUACION UNIDAD DE ORDENAMIENTO TERRITORIAL DE SUBPESCA\",\"fusion\":false,\"co_centros\":[]}]"}},{"type":"Feature","geometry":{"type":"Point","coordinates":[-71.269169,-54.030142]},"properties":{"codigo":"120087","n_solicitudes":1,"any_fusion":true,"holding":"NOVA AUSTRAL S.A.","solicitudes":"[{\"titular\":\"NOVA AUSTRAL S.A.\",\"holding\":\"NOVA AUSTRAL S.A.\",\"fecha\":\"2018-04-22\",\"tipo\":\"DIVISION/RELOCALIZACION/FUSION\",\"estado\":\"DEVUELTA DE SUBSECRETARIA DE FUERZAS ARMADAS\",\"fusion\":true,\"co_centros\":[\"120061\"]}]"}},{"type":"Feature","geometry":{"type":"Point","coordinates":[-72.753858,-51.808197]},"properties":{"codigo":"120061","n_solicitudes":5,"any_fusion":true,"holding":"NOVA AUSTRAL S.A.","solicitudes":"[{\"titular\":\"NOVA AUSTRAL S.A.\",\"holding\":\"NOVA AUSTRAL S.A.\",\"fecha\":\"2018-04-22\",\"tipo\":\"DIVISION/RELOCALIZACION/FUSION\",\"estado\":\"DEVUELTA DE SUBSECRETARIA DE FUERZAS ARMADAS\",\"fusion\":true,\"co_centros\":[\"120087\"]},{\"titular\":\"NOVA AUSTRAL S.A.\",\"holding\":\"NOVA AUSTRAL S.A.\",\"fecha\":\"2018-07-17\",\"tipo\":\"DIVISION/RELOCALIZACION/FUSION\",\"estado\":\"DEVUELTA DE SUBSECRETARIA DE FUERZAS ARMADAS\",\"fusion\":true,\"co_centros\":[\"120085\"]},{\"titular\":\"NOVA AUSTRAL S.A.\",\"holding\":\"NOVA AUSTRAL S.A.\",\"fecha\":\"2018-07-17\",\"tipo\":\"DIVISION/RELOCALIZACION/FUSION\",\"estado\":\"DEVUELTA DE SUBSECRETARIA DE FUERZAS ARMADAS\",\"fusion\":true,\"co_centros\":[\"120097\"]},{\"titular\":\"NOVA AUSTRAL S.A.\",\"holding\":\"NOVA AUSTRAL S.A.\",\"fecha\":\"2018-07-17\",\"tipo\":\"DIVISION/RELOCALIZACION/FUSION\",\"estado\":\"DEVUELTA DE SUBSECRETARIA DE FUERZAS ARMADAS\",\"fusion\":true,\"co_centros\":[\"120029\"]},{\"titular\":\"NOVA AUSTRAL S.A.\",\"holding\":\"NOVA AUSTRAL S.A.\",\"fecha\":\"2018-07-17\",\"tipo\":\"DIVISION/RELOCALIZACION/FUSION\",\"estado\":\"DEVUELTA DE SUBSECRETARIA DE FUERZAS ARMADAS\",\"fusion\":true,\"co_centros\":[\"120091\"]}]"}},{"type":"Feature","geometry":{"type":"Point","coordinates":[-74.398889,-45.979917]},"properties":{"codigo":"110825","n_solicitudes":1,"any_fusion":false,"holding":"INVERMAR S.A","solicitudes":"[{\"titular\":\"PACIFIC SEAFOOD S.A\",\"holding\":\"INVERMAR S.A\",\"fecha\":\"2020-04-05\",\"tipo\":\"RELOCALIZACION\",\"estado\":\"SUPEDITADA A PLAN DE MANEJO DE AREA PROTEGIDA\",\"fusion\":false,\"co_centros\":[]}]"}},{"type":"Feature","geometry":{"type":"Point","coordinates":[-72.977686,-44.282122]},"properties":{"codigo":"110283","n_solicitudes":1,"any_fusion":true,"holding":"SALMONES DE CHILE ALIMENTOS S.A","solicitudes":"[{\"titular\":\"SALMOCONCESIONES XI REGIÓN S.A.\",\"holding\":\"SALMONES DE CHILE ALIMENTOS S.A\",\"fecha\":\"2022-04-28\",\"tipo\":\"FUSION-RELOCALIZACION\",\"estado\":\"SOLICITUD ESPERA NOTIFICACION AMBIENTAL\",\"fusion\":true,\"co_centros\":[\"110240\"]}]"}},{"type":"Feature","geometry":{"type":"Point","coordinates":[-72.575108,-44.327997]},"properties":{"codigo":"110240","n_solicitudes":1,"any_fusion":true,"holding":"SALMONES DE CHILE ALIMENTOS S.A","solicitudes":"[{\"titular\":\"SALMOCONCESIONES XI REGIÓN S.A.\",\"holding\":\"SALMONES DE CHILE ALIMENTOS S.A\",\"fecha\":\"2022-04-28\",\"tipo\":\"FUSION-RELOCALIZACION\",\"estado\":\"SOLICITUD ESPERA NOTIFICACION AMBIENTAL\",\"fusion\":true,\"co_centros\":[\"110283\"]}]"}},{"type":"Feature","geometry":{"type":"Point","coordinates":[-72.712469,-41.746908]},"properties":{"codigo":"104040","n_solicitudes":1,"any_fusion":false,"holding":"BLUMAR S.A.","solicitudes":"[{\"titular\":\"SALMONE SBLUMAR S.A.\",\"holding\":\"BLUMAR S.A.\",\"fecha\":\"2021-02-17\",\"tipo\":\"RELOCALIZACION\",\"estado\":\"SOLICITUD EN PROCESO DE EVALUACION DE INSPECCION DE TERRENO REALIZADA POR SERNAPESCA\",\"fusion\":false,\"co_centros\":[]}]"}},{"type":"Feature","geometry":{"type":"Point","coordinates":[-73.053208,-45.409622]},"properties":{"codigo":"110351","n_solicitudes":3,"any_fusion":false,"holding":"SALMONES ANTARTICA S.A","solicitudes":"[{\"titular\":\"SALMONES ANTARTICA S.A\",\"holding\":\"SALMONES ANTARTICA S.A\",\"fecha\":\"2017-12-20\",\"tipo\":\"DIVISION/RELOCALIZACIONES\",\"estado\":\"SUPEDITADA A PLAN DE MANEJO DE AREA PROTEGIDA\",\"fusion\":false,\"co_centros\":[]},{\"titular\":\"SALMONES ANTARTICA S.A\",\"holding\":\"SALMONES ANTARTICA S.A\",\"fecha\":\"2017-12-20\",\"tipo\":\"DIVISION/RELOCALIZACIONES\",\"estado\":\"SOLICITUD CORREPSONDE A SECTOR REMANENTE\",\"fusion\":false,\"co_centros\":[]},{\"titular\":\"SALMONES ANTARTICA S.A\",\"holding\":\"SALMONES ANTARTICA S.A\",\"fecha\":\"2017-12-20\",\"tipo\":\"DIVISION/RELOCALIZACIONES\",\"estado\":\"SUPEDITADA A PLAN DE MANEJO DE AREA PROTEGIDA\",\"fusion\":false,\"co_centros\":[]}]"}},{"type":"Feature","geometry":{"type":"Point","coordinates":[-73.723711,-45.021461]},"properties":{"codigo":"110831","n_solicitudes":1,"any_fusion":false,"holding":"BLUMAR S.A.","solicitudes":"[{\"titular\":\"SALMONES BLUMAR S.A.\",\"holding\":\"BLUMAR S.A.\",\"fecha\":\"2020-06-04\",\"tipo\":\"RELOCALIZACIÓN\",\"estado\":\"SOLICITUD EN PROCESO DE EVALUACION DE INSPECCION DE TERRENO REALIZADA POR SERNAPESCA\",\"fusion\":false,\"co_centros\":[]}]"}},{"type":"Feature","geometry":{"type":"Point","coordinates":[-74.214639,-45.212383]},"properties":{"codigo":"110682","n_solicitudes":1,"any_fusion":false,"holding":"BLUMAR S.A.","solicitudes":"[{\"titular\":\"SALMONES BLUMAR S.A.\",\"holding\":\"BLUMAR S.A.\",\"fecha\":\"2020-05-27\",\"tipo\":\"RELOCALIZACION\",\"estado\":\"SUPEDITADA A PLAN DE MANEJO DE AREA PROTEGIDA\",\"fusion\":false,\"co_centros\":[]}]"}},{"type":"Feature","geometry":{"type":"Point","coordinates":[-74.288922,-45.192747]},"properties":{"codigo":"110637","n_solicitudes":1,"any_fusion":false,"holding":"BLUMAR S.A.","solicitudes":"[{\"titular\":\"SALMONES BLUMAR S.A.\",\"holding\":\"BLUMAR S.A.\",\"fecha\":\"2020-05-27\",\"tipo\":\"RELOCALIZACION\",\"estado\":\"SUPEDITADA A PLAN DE MANEJO DE AREA PROTEGIDA\",\"fusion\":false,\"co_centros\":[]}]"}},{"type":"Feature","geometry":{"type":"Point","coordinates":[-74.240603,-45.205014]},"properties":{"codigo":"110745","n_solicitudes":1,"any_fusion":false,"holding":"BLUMAR S.A.","solicitudes":"[{\"titular\":\"SALMONES BLUMAR S.A.\",\"holding\":\"BLUMAR S.A.\",\"fecha\":\"2020-05-27\",\"tipo\":\"RELOCALIZACION\",\"estado\":\"SUPEDITADA A PLAN DE MANEJO DE AREA PROTEGIDA\",\"fusion\":false,\"co_centros\":[]}]"}},{"type":"Feature","geometry":{"type":"Point","coordinates":[-72.4395,-41.991811]},"properties":{"codigo":"102383","n_solicitudes":2,"any_fusion":true,"holding":"SALMONES ANTARTICA S.A","solicitudes":"[{\"titular\":\"SALMONES ANTARTICA S.A\",\"holding\":\"SALMONES ANTARTICA S.A\",\"fecha\":\"2021-02-17\",\"tipo\":\"DIVISION-RELOCALIZACION\",\"estado\":\"SOLICITUD EN PROCESO DE RECHAZO\",\"fusion\":false,\"co_centros\":[]},{\"titular\":\"SALMONES ANTARTICA S.A\",\"holding\":\"SALMONES ANTARTICA S.A\",\"fecha\":\"2021-02-17\",\"tipo\":\"DIVISION-FUSION-RELOCALIZACION\",\"estado\":\"SOLICITUD EN PROCESO DE RECHAZO\",\"fusion\":true,\"co_centros\":[\"102103\"]}]"}},{"type":"Feature","geometry":{"type":"Point","coordinates":[-72.456686,-42.064958]},"properties":{"codigo":"100682","n_solicitudes":1,"any_fusion":true,"holding":"SALMONES ANTARTICA S.A","solicitudes":"[{\"titular\":\"SALMONES ANTARTICA S.A\",\"holding\":\"SALMONES ANTARTICA S.A\",\"fecha\":\"2021-02-17\",\"tipo\":\"DIVISION-FUSION-RELOCALIZACION\",\"estado\":\"SOLICITUD EN PROCESO DE RECHAZO\",\"fusion\":true,\"co_centros\":[\"102376\"]}]"}},{"type":"Feature","geometry":{"type":"Point","coordinates":[-72.446711,-42.035675]},"properties":{"codigo":"102376","n_solicitudes":2,"any_fusion":true,"holding":"SALMONES ANTARTICA S.A","solicitudes":"[{\"titular\":\"SALMONES ANTARTICA S.A\",\"holding\":\"SALMONES ANTARTICA S.A\",\"fecha\":\"2021-02-17\",\"tipo\":\"DIVISION-FUSION-RELOCALIZACION\",\"estado\":\"SOLICITUD EN PROCESO DE RECHAZO\",\"fusion\":true,\"co_centros\":[\"100682\"]},{\"titular\":\"SALMONES ANTARTICA S.A\",\"holding\":\"SALMONES ANTARTICA S.A\",\"fecha\":\"2021-02-17\",\"tipo\":\"DIVISION-RELOCALIZACION\",\"estado\":\"SOLICITUD EN PROCESO DE RECHAZO\",\"fusion\":false,\"co_centros\":[]}]"}},{"type":"Feature","geometry":{"type":"Point","coordinates":[-72.440672,-42.020119]},"properties":{"codigo":"102103","n_solicitudes":1,"any_fusion":true,"holding":"SALMONES ANTARTICA S.A","solicitudes":"[{\"titular\":\"SALMONES ANTARTICA S.A\",\"holding\":\"SALMONES ANTARTICA S.A\",\"fecha\":\"2021-02-17\",\"tipo\":\"DIVISION-FUSION-RELOCALIZACION\",\"estado\":\"SOLICITUD EN PROCESO DE RECHAZO\",\"fusion\":true,\"co_centros\":[\"102383\"]}]"}},{"type":"Feature","geometry":{"type":"Point","coordinates":[-73.196422,-42.325633]},"properties":{"codigo":"102677","n_solicitudes":1,"any_fusion":false,"holding":"SALMONES ANTARTICA S.A","solicitudes":"[{\"titular\":\"SALMONES ANTARTICA S.A\",\"holding\":\"SALMONES ANTARTICA S.A\",\"fecha\":\"2021-02-17\",\"tipo\":\"RELOCALIZACION\",\"estado\":\"SOLICITUD EN PROCESO DE EVALUACION DE INSPECCION DE TERRENO REALIZADA POR SERNAPESCA\",\"fusion\":false,\"co_centros\":[]}]"}},{"type":"Feature","geometry":{"type":"Point","coordinates":[-73.4772,-45.171561]},"properties":{"codigo":"110712","n_solicitudes":1,"any_fusion":false,"holding":"INVERMAR S.A","solicitudes":"[{\"titular\":\"INVERMAR S.A.\",\"holding\":\"INVERMAR S.A\",\"fecha\":null,\"tipo\":\"RELOCALIZACIÓN\",\"estado\":\"SOLICITUD ESPERA NOTIFICACION AMBIENTAL\",\"fusion\":false,\"co_centros\":[]}]"}},{"type":"Feature","geometry":{"type":"Point","coordinates":[-73.383875,-45.419786]},"properties":{"codigo":"110906","n_solicitudes":1,"any_fusion":false,"holding":"SALMONES ANTARTICA S.A","solicitudes":"[{\"titular\":\"SALMONES ANTARTICA S.A\",\"holding\":\"SALMONES ANTARTICA S.A\",\"fecha\":\"2020-04-16\",\"tipo\":\"RELOCALIZACION\",\"estado\":\"SOLICITUD ESPERA NOTIFICACION AMBIENTAL\",\"fusion\":false,\"co_centros\":[]}]"}},{"type":"Feature","geometry":{"type":"Point","coordinates":[-72.825806,-45.476189]},"properties":{"codigo":"110005","n_solicitudes":1,"any_fusion":false,"holding":"EMPRESAS AQUACHILE S.A.","solicitudes":"[{\"titular\":\"SALMONES AUSTRALES S.A.\",\"holding\":\"EMPRESAS AQUACHILE S.A.\",\"fecha\":\"2012-06-24\",\"tipo\":\"RELOCALIZACION\",\"estado\":\"SOLICITUD EN PROCESO DE EVALUACION DE INSPECCION DE TERRENO REALIZADA POR SERNAPESCA\",\"fusion\":false,\"co_centros\":[]}]"}},{"type":"Feature","geometry":{"type":"Point","coordinates":[-72.945564,-45.408764]},"properties":{"codigo":"110242","n_solicitudes":1,"any_fusion":false,"holding":"EMPRESAS AQUACHILE S.A.","solicitudes":"[{\"titular\":\"SALMONES AUSTRALES S.A.\",\"holding\":\"EMPRESAS AQUACHILE S.A.\",\"fecha\":\"2012-04-26\",\"tipo\":\"DIVISION; RELOCALIZACION\",\"estado\":\"SOLICITUD SUPEDITADA A OTRA SOLICITUD DE CONCESION DE ACUICULTURA\",\"fusion\":false,\"co_centros\":[]}]"}},{"type":"Feature","geometry":{"type":"Point","coordinates":[-72.815925,-45.442808]},"properties":{"codigo":"110039","n_solicitudes":1,"any_fusion":false,"holding":"EMPRESAS AQUACHILE S.A.","solicitudes":"[{\"titular\":\"SALMONES AUSTRALES S.A.\",\"holding\":\"EMPRESAS AQUACHILE S.A.\",\"fecha\":\"2012-06-24\",\"tipo\":\"RELOCALIZACION\",\"estado\":\"SOLICITUD ESPERA NOTIFICACION AMBIENTAL\",\"fusion\":false,\"co_centros\":[]}]"}},{"type":"Feature","geometry":{"type":"Point","coordinates":[-74.038794,-45.0345]},"properties":{"codigo":"110444","n_solicitudes":1,"any_fusion":false,"holding":"BLUMAR S.A.","solicitudes":"[{\"titular\":\"SALMONES BLUMAR S.A\",\"holding\":\"BLUMAR S.A.\",\"fecha\":\"2010-08-22\",\"tipo\":\"RELOCALIZACION\",\"estado\":\"SUPEDITADA A PLAN DE MANEJO DE AREA PROTEGIDA\",\"fusion\":false,\"co_centros\":[]}]"}},{"type":"Feature","geometry":{"type":"Point","coordinates":[-73.613372,-44.392197]},"properties":{"codigo":"110934","n_solicitudes":1,"any_fusion":true,"holding":"SALMONES CAMANCHACA S.A.","solicitudes":"[{\"titular\":\"SALMONES CAMANCHACA S.A.\",\"holding\":\"SALMONES CAMANCHACA S.A.\",\"fecha\":\"2021-07-09\",\"tipo\":\"FUSION-RELOCALIZACION\",\"estado\":\"SOLICITUD EN PROCESO DE EVALUACION DE INSPECCION DE TERRENO REALIZADA POR SERNAPESCA\",\"fusion\":true,\"co_centros\":[\"110463\"]}]"}},{"type":"Feature","geometry":{"type":"Point","coordinates":[-73.641978,-44.397444]},"properties":{"codigo":"110463","n_solicitudes":1,"any_fusion":true,"holding":"SALMONES CAMANCHACA S.A.","solicitudes":"[{\"titular\":\"SALMONES CAMANCHACA S.A.\",\"holding\":\"SALMONES CAMANCHACA S.A.\",\"fecha\":\"2021-07-09\",\"tipo\":\"FUSION-RELOCALIZACION\",\"estado\":\"SOLICITUD EN PROCESO DE EVALUACION DE INSPECCION DE TERRENO REALIZADA POR SERNAPESCA\",\"fusion\":true,\"co_centros\":[\"110934\"]}]"}},{"type":"Feature","geometry":{"type":"Point","coordinates":[-73.641225,-44.346497]},"properties":{"codigo":"110492","n_solicitudes":1,"any_fusion":true,"holding":"SALMONES CAMANCHACA S.A.","solicitudes":"[{\"titular\":\"SALMONES CAMANCHACA S.A.\",\"holding\":\"SALMONES CAMANCHACA S.A.\",\"fecha\":\"2021-07-09\",\"tipo\":\"FUSION-RELOCALIZACION\",\"estado\":\"SOLICITUD EN PROCESO DE EVALUACION DE INSPECCION DE TERRENO REALIZADA POR SERNAPESCA\",\"fusion\":true,\"co_centros\":[\"110623\"]}]"}},{"type":"Feature","geometry":{"type":"Point","coordinates":[-73.709042,-44.387231]},"properties":{"codigo":"110623","n_solicitudes":1,"any_fusion":true,"holding":"SALMONES CAMANCHACA S.A.","solicitudes":"[{\"titular\":\"SALMONES CAMANCHACA S.A.\",\"holding\":\"SALMONES CAMANCHACA S.A.\",\"fecha\":\"2021-07-09\",\"tipo\":\"FUSION-RELOCALIZACION\",\"estado\":\"SOLICITUD EN PROCESO DE EVALUACION DE INSPECCION DE TERRENO REALIZADA POR SERNAPESCA\",\"fusion\":true,\"co_centros\":[\"110492\"]}]"}},{"type":"Feature","geometry":{"type":"Point","coordinates":[-74.028467,-44.559853]},"properties":{"codigo":"110632","n_solicitudes":1,"any_fusion":true,"holding":"SALMONES CAMANCHACA S.A.","solicitudes":"[{\"titular\":\"SALMONES CAMANCHACA S.A.\",\"holding\":\"SALMONES CAMANCHACA S.A.\",\"fecha\":\"2021-07-09\",\"tipo\":\"FUSION-RELOCALIZACION\",\"estado\":\"SOLICITUD EN PROCESO DE EVALUACION DE INSPECCION DE TERRENO REALIZADA POR SERNAPESCA\",\"fusion\":true,\"co_centros\":[\"110859\",\"110660\"]}]"}},{"type":"Feature","geometry":{"type":"Point","coordinates":[-73.915814,-44.537653]},"properties":{"codigo":"110859","n_solicitudes":1,"any_fusion":true,"holding":"SALMONES CAMANCHACA S.A.","solicitudes":"[{\"titular\":\"SALMONES CAMANCHACA S.A.\",\"holding\":\"SALMONES CAMANCHACA S.A.\",\"fecha\":\"2021-07-09\",\"tipo\":\"FUSION-RELOCALIZACION\",\"estado\":\"SOLICITUD EN PROCESO DE EVALUACION DE INSPECCION DE TERRENO REALIZADA POR SERNAPESCA\",\"fusion\":true,\"co_centros\":[\"110632\",\"110660\"]}]"}},{"type":"Feature","geometry":{"type":"Point","coordinates":[-73.692708,-44.353972]},"properties":{"codigo":"110660","n_solicitudes":1,"any_fusion":true,"holding":"SALMONES CAMANCHACA S.A.","solicitudes":"[{\"titular\":\"SALMONES CAMANCHACA S.A.\",\"holding\":\"SALMONES CAMANCHACA S.A.\",\"fecha\":\"2021-07-09\",\"tipo\":\"FUSION-RELOCALIZACION\",\"estado\":\"SOLICITUD EN PROCESO DE EVALUACION DE INSPECCION DE TERRENO REALIZADA POR SERNAPESCA\",\"fusion\":true,\"co_centros\":[\"110632\",\"110859\"]}]"}},{"type":"Feature","geometry":{"type":"Point","coordinates":[-74.238211,-44.283928]},"properties":{"codigo":"110768","n_solicitudes":1,"any_fusion":true,"holding":"SALMONES CAMANCHACA S.A.","solicitudes":"[{\"titular\":\"SALMONES CAMANCHACA S.A.\",\"holding\":\"SALMONES CAMANCHACA S.A.\",\"fecha\":\"2021-07-09\",\"tipo\":\"FUSION-RELOCALIZACION\",\"estado\":\"SOLICITUD EN PROCESO DE EVALUACION DE INSPECCION DE TERRENO REALIZADA POR SERNAPESCA\",\"fusion\":true,\"co_centros\":[\"110464\"]}]"}},{"type":"Feature","geometry":{"type":"Point","coordinates":[-73.651917,-44.365725]},"properties":{"codigo":"110464","n_solicitudes":1,"any_fusion":true,"holding":"SALMONES CAMANCHACA S.A.","solicitudes":"[{\"titular\":\"SALMONES CAMANCHACA S.A.\",\"holding\":\"SALMONES CAMANCHACA S.A.\",\"fecha\":\"2021-07-09\",\"tipo\":\"FUSION-RELOCALIZACION\",\"estado\":\"SOLICITUD EN PROCESO DE EVALUACION DE INSPECCION DE TERRENO REALIZADA POR SERNAPESCA\",\"fusion\":true,\"co_centros\":[\"110768\"]}]"}},{"type":"Feature","geometry":{"type":"Point","coordinates":[-73.628839,-44.357778]},"properties":{"codigo":"110746","n_solicitudes":1,"any_fusion":true,"holding":"SALMONES CAMANCHACA S.A.","solicitudes":"[{\"titular\":\"SALMONES CAMANCHACA S.A.\",\"holding\":\"SALMONES CAMANCHACA S.A.\",\"fecha\":\"2021-07-09\",\"tipo\":\"FUSION-RELOCALIZACION\",\"estado\":\"SOLICITUD EN PROCESO DE EVALUACION DE INSPECCION DE TERRENO REALIZADA POR SERNAPESCA\",\"fusion\":true,\"co_centros\":[\"110937\"]}]"}},{"type":"Feature","geometry":{"type":"Point","coordinates":[-74.346419,-44.183761]},"properties":{"codigo":"110937","n_solicitudes":1,"any_fusion":true,"holding":"SALMONES CAMANCHACA S.A.","solicitudes":"[{\"titular\":\"SALMONES CAMANCHACA S.A.\",\"holding\":\"SALMONES CAMANCHACA S.A.\",\"fecha\":\"2021-07-09\",\"tipo\":\"FUSION-RELOCALIZACION\",\"estado\":\"SOLICITUD EN PROCESO DE EVALUACION DE INSPECCION DE TERRENO REALIZADA POR SERNAPESCA\",\"fusion\":true,\"co_centros\":[\"110746\"]}]"}},{"type":"Feature","geometry":{"type":"Point","coordinates":[-74.05675,-44.553269]},"properties":{"codigo":"110601","n_solicitudes":1,"any_fusion":true,"holding":"SALMONES CAMANCHACA S.A.","solicitudes":"[{\"titular\":\"FIORDO AZUL S.A.\",\"holding\":\"SALMONES CAMANCHACA S.A.\",\"fecha\":\"2021-07-09\",\"tipo\":\"FUSION-RELOCALIZACION\",\"estado\":\"SOLICITUD EN PROCESO DE EVALUACION DE INSPECCION DE TERRENO REALIZADA POR SERNAPESCA\",\"fusion\":true,\"co_centros\":[\"110598\"]}]"}},{"type":"Feature","geometry":{"type":"Point","coordinates":[-74.132956,-44.559231]},"properties":{"codigo":"110598","n_solicitudes":1,"any_fusion":true,"holding":"SALMONES CAMANCHACA S.A.","solicitudes":"[{\"titular\":\"FIORDO AZUL S.A.\",\"holding\":\"SALMONES CAMANCHACA S.A.\",\"fecha\":\"2021-07-09\",\"tipo\":\"FUSION-RELOCALIZACION\",\"estado\":\"SOLICITUD EN PROCESO DE EVALUACION DE INSPECCION DE TERRENO REALIZADA POR SERNAPESCA\",\"fusion\":true,\"co_centros\":[\"110601\"]}]"}},{"type":"Feature","geometry":{"type":"Point","coordinates":[-73.755992,-44.432853]},"properties":{"codigo":"110747","n_solicitudes":1,"any_fusion":true,"holding":"SALMONES CAMANCHACA S.A.","solicitudes":"[{\"titular\":\"SALMONES CAMANCHACA S.A.\",\"holding\":\"SALMONES CAMANCHACA S.A.\",\"fecha\":\"2021-11-23\",\"tipo\":\"FUSION-RELOCALZACION\",\"estado\":\"SOLICITUD EN PROCESO DE EVALUACION DE INSPECCION DE TERRENO REALIZADA POR SERNAPESCA\",\"fusion\":true,\"co_centros\":[\"110766\"]}]"}},{"type":"Feature","geometry":{"type":"Point","coordinates":[-73.77335,-44.453417]},"properties":{"codigo":"110766","n_solicitudes":1,"any_fusion":true,"holding":"SALMONES CAMANCHACA S.A.","solicitudes":"[{\"titular\":\"SALMONES CAMANCHACA S.A.\",\"holding\":\"SALMONES CAMANCHACA S.A.\",\"fecha\":\"2021-11-23\",\"tipo\":\"FUSION-RELOCALZACION\",\"estado\":\"SOLICITUD EN PROCESO DE EVALUACION DE INSPECCION DE TERRENO REALIZADA POR SERNAPESCA\",\"fusion\":true,\"co_centros\":[\"110747\"]}]"}},{"type":"Feature","geometry":{"type":"Point","coordinates":[-74.263403,-45.224192]},"properties":{"codigo":"110545","n_solicitudes":3,"any_fusion":true,"holding":"MOWI CHILE S.A.","solicitudes":"[{\"titular\":\"MOWI CHILE S.A.\",\"holding\":\"MOWI CHILE S.A.\",\"fecha\":\"2021-10-19\",\"tipo\":\"FUSION-RELOCALZACION\",\"estado\":\"SOLICITUD ESPERA EVALUACION UNIDAD DE ORDENAMIENTO TERRITORIAL DE SUBPESCA\",\"fusion\":true,\"co_centros\":[\"110367\",\"110366\"]},{\"titular\":\"MOWI CHILE S.A.\",\"holding\":\"MOWI CHILE S.A.\",\"fecha\":\"2021-10-19\",\"tipo\":\"FUSION-RELOCALZACION\",\"estado\":\"SOLICITUD ESPERA EVALUACION UNIDAD DE ORDENAMIENTO TERRITORIAL DE SUBPESCA\",\"fusion\":true,\"co_centros\":[\"110368\"]},{\"titular\":\"MOWI CHILE S.A.\",\"holding\":\"MOWI CHILE S.A.\",\"fecha\":\"2021-10-19\",\"tipo\":\"FUSION-RELOCALZACION\",\"estado\":\"SOLICITUD ESPERA EVALUACION UNIDAD DE ORDENAMIENTO TERRITORIAL DE SUBPESCA\",\"fusion\":true,\"co_centros\":[\"110365\",\"110542\"]}]"}},{"type":"Feature","geometry":{"type":"Point","coordinates":[-74.267739,-45.281839]},"properties":{"codigo":"110367","n_solicitudes":1,"any_fusion":true,"holding":"MOWI CHILE S.A.","solicitudes":"[{\"titular\":\"MOWI CHILE S.A.\",\"holding\":\"MOWI CHILE S.A.\",\"fecha\":\"2021-10-19\",\"tipo\":\"FUSION-RELOCALZACION\",\"estado\":\"SOLICITUD ESPERA EVALUACION UNIDAD DE ORDENAMIENTO TERRITORIAL DE SUBPESCA\",\"fusion\":true,\"co_centros\":[\"110545\",\"110366\"]}]"}},{"type":"Feature","geometry":{"type":"Point","coordinates":[-74.282814,-45.243094]},"properties":{"codigo":"110366","n_solicitudes":1,"any_fusion":true,"holding":"MOWI CHILE S.A.","solicitudes":"[{\"titular\":\"MOWI CHILE S.A.\",\"holding\":\"MOWI CHILE S.A.\",\"fecha\":\"2021-10-19\",\"tipo\":\"FUSION-RELOCALZACION\",\"estado\":\"SOLICITUD ESPERA EVALUACION UNIDAD DE ORDENAMIENTO TERRITORIAL DE SUBPESCA\",\"fusion\":true,\"co_centros\":[\"110545\",\"110367\"]}]"}},{"type":"Feature","geometry":{"type":"Point","coordinates":[-74.293803,-45.279808]},"properties":{"codigo":"110368","n_solicitudes":1,"any_fusion":true,"holding":"MOWI CHILE S.A.","solicitudes":"[{\"titular\":\"MOWI CHILE S.A.\",\"holding\":\"MOWI CHILE S.A.\",\"fecha\":\"2021-10-19\",\"tipo\":\"FUSION-RELOCALZACION\",\"estado\":\"SOLICITUD ESPERA EVALUACION UNIDAD DE ORDENAMIENTO TERRITORIAL DE SUBPESCA\",\"fusion\":true,\"co_centros\":[\"110545\"]}]"}},{"type":"Feature","geometry":{"type":"Point","coordinates":[-74.255925,-45.321389]},"properties":{"codigo":"110365","n_solicitudes":1,"any_fusion":true,"holding":"MOWI CHILE S.A.","solicitudes":"[{\"titular\":\"MOWI CHILE S.A.\",\"holding\":\"MOWI CHILE S.A.\",\"fecha\":\"2021-10-19\",\"tipo\":\"FUSION-RELOCALZACION\",\"estado\":\"SOLICITUD ESPERA EVALUACION UNIDAD DE ORDENAMIENTO TERRITORIAL DE SUBPESCA\",\"fusion\":true,\"co_centros\":[\"110545\",\"110542\"]}]"}},{"type":"Feature","geometry":{"type":"Point","coordinates":[-74.253942,-45.356403]},"properties":{"codigo":"110542","n_solicitudes":1,"any_fusion":true,"holding":"MOWI CHILE S.A.","solicitudes":"[{\"titular\":\"MOWI CHILE S.A.\",\"holding\":\"MOWI CHILE S.A.\",\"fecha\":\"2021-10-19\",\"tipo\":\"FUSION-RELOCALZACION\",\"estado\":\"SOLICITUD ESPERA EVALUACION UNIDAD DE ORDENAMIENTO TERRITORIAL DE SUBPESCA\",\"fusion\":true,\"co_centros\":[\"110545\",\"110365\"]}]"}},{"type":"Feature","geometry":{"type":"Point","coordinates":[-73.501794,-46.283606]},"properties":{"codigo":"110336","n_solicitudes":7,"any_fusion":true,"holding":"COOKE AQUACULTURE CHILE S.A.","solicitudes":"[{\"titular\":\"COOKE AQUACULTURE CHILE S.A.\",\"holding\":\"COOKE AQUACULTURE CHILE S.A.\",\"fecha\":\"2021-12-27\",\"tipo\":\"DIVISION-FUSION-RELOCALIZACION\",\"estado\":\"SOLICITUD ESPERA EVALUACION UNIDAD DE ORDENAMIENTO TERRITORIAL DE SUBPESCA\",\"fusion\":true,\"co_centros\":[\"110229\",\"110340\"]},{\"titular\":\"COOKE AQUACULTURE CHILE S.A.\",\"holding\":\"COOKE AQUACULTURE CHILE S.A.\",\"fecha\":\"2021-12-27\",\"tipo\":\"DIVISION-FUSION-RELOCALIZACION\",\"estado\":\"SOLICITUD ESPERA EVALUACION UNIDAD DE ORDENAMIENTO TERRITORIAL DE SUBPESCA\",\"fusion\":true,\"co_centros\":[\"110341\",\"110227\"]},{\"titular\":\"COOKE AQUACULTURE CHILE S.A.\",\"holding\":\"COOKE AQUACULTURE CHILE S.A.\",\"fecha\":\"2021-12-27\",\"tipo\":\"DIVISION-FUSION-RELOCALIZACION\",\"estado\":\"SOLICITUD ESPERA EVALUACION UNIDAD DE ORDENAMIENTO TERRITORIAL DE SUBPESCA\",\"fusion\":true,\"co_centros\":[\"110339\"]},{\"titular\":\"COOKE AQUACULTURE CHILE S.A.\",\"holding\":\"COOKE AQUACULTURE CHILE S.A.\",\"fecha\":\"2021-12-27\",\"tipo\":\"DIVISION-FUSION-RELOCALIZACION\",\"estado\":\"SOLICITUD ESPERA EVALUACION UNIDAD DE ORDENAMIENTO TERRITORIAL DE SUBPESCA\",\"fusion\":true,\"co_centros\":[\"110341\"]},{\"titular\":\"COOKE AQUACULTURE CHILE S.A.\",\"holding\":\"COOKE AQUACULTURE CHILE S.A.\",\"fecha\":\"2021-12-27\",\"tipo\":\"DIVISION-FUSION-RELOCALIZACION\",\"estado\":\"SOLICITUD ESPERA EVALUACION UNIDAD DE ORDENAMIENTO TERRITORIAL DE SUBPESCA\",\"fusion\":true,\"co_centros\":[\"110230\"]},{\"titular\":\"COOKE AQUACULTURE CHILE S.A.\",\"holding\":\"COOKE AQUACULTURE CHILE S.A.\",\"fecha\":\"2021-12-27\",\"tipo\":\"DIVISION-FUSION-RELOCALIZACION\",\"estado\":\"SOLICITUD ESPERA EVALUACION UNIDAD DE ORDENAMIENTO TERRITORIAL DE SUBPESCA\",\"fusion\":true,\"co_centros\":[\"110224\",\"110339\"]},{\"titular\":\"COOKE AQUACULTURE CHILE S.A.\",\"holding\":\"COOKE AQUACULTURE CHILE S.A.\",\"fecha\":\"2021-12-27\",\"tipo\":\"DIVISION-FUSION-RELOCALIZACION\",\"estado\":\"SOLICITUD ESPERA EVALUACION UNIDAD DE ORDENAMIENTO TERRITORIAL DE SUBPESCA\",\"fusion\":true,\"co_centros\":[\"110340\"]}]"}},{"type":"Feature","geometry":{"type":"Point","coordinates":[-73.527769,-46.232597]},"properties":{"codigo":"110229","n_solicitudes":1,"any_fusion":true,"holding":"COOKE AQUACULTURE CHILE S.A.","solicitudes":"[{\"titular\":\"COOKE AQUACULTURE CHILE S.A.\",\"holding\":\"COOKE AQUACULTURE CHILE S.A.\",\"fecha\":\"2021-12-27\",\"tipo\":\"DIVISION-FUSION-RELOCALIZACION\",\"estado\":\"SOLICITUD ESPERA EVALUACION UNIDAD DE ORDENAMIENTO TERRITORIAL DE SUBPESCA\",\"fusion\":true,\"co_centros\":[\"110336\",\"110340\"]}]"}},{"type":"Feature","geometry":{"type":"Point","coordinates":[-73.442317,-46.073492]},"properties":{"codigo":"110340","n_solicitudes":2,"any_fusion":true,"holding":"COOKE AQUACULTURE CHILE S.A.","solicitudes":"[{\"titular\":\"COOKE AQUACULTURE CHILE S.A.\",\"holding\":\"COOKE AQUACULTURE CHILE S.A.\",\"fecha\":\"2021-12-27\",\"tipo\":\"DIVISION-FUSION-RELOCALIZACION\",\"estado\":\"SOLICITUD ESPERA EVALUACION UNIDAD DE ORDENAMIENTO TERRITORIAL DE SUBPESCA\",\"fusion\":true,\"co_centros\":[\"110336\",\"110229\"]},{\"titular\":\"COOKE AQUACULTURE CHILE S.A.\",\"holding\":\"COOKE AQUACULTURE CHILE S.A.\",\"fecha\":\"2021-12-27\",\"tipo\":\"DIVISION-FUSION-RELOCALIZACION\",\"estado\":\"SOLICITUD ESPERA EVALUACION UNIDAD DE ORDENAMIENTO TERRITORIAL DE SUBPESCA\",\"fusion\":true,\"co_centros\":[\"110336\"]}]"}},{"type":"Feature","geometry":{"type":"Point","coordinates":[-73.530892,-46.165992]},"properties":{"codigo":"110341","n_solicitudes":2,"any_fusion":true,"holding":"COOKE AQUACULTURE CHILE S.A.","solicitudes":"[{\"titular\":\"COOKE AQUACULTURE CHILE S.A.\",\"holding\":\"COOKE AQUACULTURE CHILE S.A.\",\"fecha\":\"2021-12-27\",\"tipo\":\"DIVISION-FUSION-RELOCALIZACION\",\"estado\":\"SOLICITUD ESPERA EVALUACION UNIDAD DE ORDENAMIENTO TERRITORIAL DE SUBPESCA\",\"fusion\":true,\"co_centros\":[\"110336\",\"110227\"]},{\"titular\":\"COOKE AQUACULTURE CHILE S.A.\",\"holding\":\"COOKE AQUACULTURE CHILE S.A.\",\"fecha\":\"2021-12-27\",\"tipo\":\"DIVISION-FUSION-RELOCALIZACION\",\"estado\":\"SOLICITUD ESPERA EVALUACION UNIDAD DE ORDENAMIENTO TERRITORIAL DE SUBPESCA\",\"fusion\":true,\"co_centros\":[\"110336\"]}]"}},{"type":"Feature","geometry":{"type":"Point","coordinates":[-73.517397,-46.192564]},"properties":{"codigo":"110227","n_solicitudes":1,"any_fusion":true,"holding":"COOKE AQUACULTURE CHILE S.A.","solicitudes":"[{\"titular\":\"COOKE AQUACULTURE CHILE S.A.\",\"holding\":\"COOKE AQUACULTURE CHILE S.A.\",\"fecha\":\"2021-12-27\",\"tipo\":\"DIVISION-FUSION-RELOCALIZACION\",\"estado\":\"SOLICITUD ESPERA EVALUACION UNIDAD DE ORDENAMIENTO TERRITORIAL DE SUBPESCA\",\"fusion\":true,\"co_centros\":[\"110336\",\"110341\"]}]"}},{"type":"Feature","geometry":{"type":"Point","coordinates":[-73.499694,-46.122928]},"properties":{"codigo":"110339","n_solicitudes":2,"any_fusion":true,"holding":"COOKE AQUACULTURE CHILE S.A.","solicitudes":"[{\"titular\":\"COOKE AQUACULTURE CHILE S.A.\",\"holding\":\"COOKE AQUACULTURE CHILE S.A.\",\"fecha\":\"2021-12-27\",\"tipo\":\"DIVISION-FUSION-RELOCALIZACION\",\"estado\":\"SOLICITUD ESPERA EVALUACION UNIDAD DE ORDENAMIENTO TERRITORIAL DE SUBPESCA\",\"fusion\":true,\"co_centros\":[\"110336\"]},{\"titular\":\"COOKE AQUACULTURE CHILE S.A.\",\"holding\":\"COOKE AQUACULTURE CHILE S.A.\",\"fecha\":\"2021-12-27\",\"tipo\":\"DIVISION-FUSION-RELOCALIZACION\",\"estado\":\"SOLICITUD ESPERA EVALUACION UNIDAD DE ORDENAMIENTO TERRITORIAL DE SUBPESCA\",\"fusion\":true,\"co_centros\":[\"110336\",\"110224\"]}]"}},{"type":"Feature","geometry":{"type":"Point","coordinates":[-73.521308,-46.214169]},"properties":{"codigo":"110260","n_solicitudes":1,"any_fusion":false,"holding":"COOKE AQUACULTURE CHILE S.A.","solicitudes":"[{\"titular\":\"COOKE AQUACULTURE CHILE S.A.\",\"holding\":\"COOKE AQUACULTURE CHILE S.A.\",\"fecha\":\"2021-12-27\",\"tipo\":\"RELOCALIZACIÓN\",\"estado\":\"SOLICITUD ESPERA EVALUACION UNIDAD DE ORDENAMIENTO TERRITORIAL DE SUBPESCA\",\"fusion\":false,\"co_centros\":[]}]"}},{"type":"Feature","geometry":{"type":"Point","coordinates":[-73.467397,-46.149203]},"properties":{"codigo":"110230","n_solicitudes":1,"any_fusion":true,"holding":"COOKE AQUACULTURE CHILE S.A.","solicitudes":"[{\"titular\":\"COOKE AQUACULTURE CHILE S.A.\",\"holding\":\"COOKE AQUACULTURE CHILE S.A.\",\"fecha\":\"2021-12-27\",\"tipo\":\"DIVISION-FUSION-RELOCALIZACION\",\"estado\":\"SOLICITUD ESPERA EVALUACION UNIDAD DE ORDENAMIENTO TERRITORIAL DE SUBPESCA\",\"fusion\":true,\"co_centros\":[\"110336\"]}]"}},{"type":"Feature","geometry":{"type":"Point","coordinates":[-73.450522,-46.121056]},"properties":{"codigo":"110224","n_solicitudes":1,"any_fusion":true,"holding":"COOKE AQUACULTURE CHILE S.A.","solicitudes":"[{\"titular\":\"COOKE AQUACULTURE CHILE S.A.\",\"holding\":\"COOKE AQUACULTURE CHILE S.A.\",\"fecha\":\"2021-12-27\",\"tipo\":\"DIVISION-FUSION-RELOCALIZACION\",\"estado\":\"SOLICITUD ESPERA EVALUACION UNIDAD DE ORDENAMIENTO TERRITORIAL DE SUBPESCA\",\"fusion\":true,\"co_centros\":[\"110336\",\"110339\"]}]"}},{"type":"Feature","geometry":{"type":"Point","coordinates":[-74.315797,-44.308417]},"properties":{"codigo":"110650","n_solicitudes":1,"any_fusion":false,"holding":"BLUMAR S.A.","solicitudes":"[{\"titular\":\"SALMONES BLUMAR S.A\",\"holding\":\"BLUMAR S.A.\",\"fecha\":\"2020-07-04\",\"tipo\":\"RELOCALIZACIÓN\",\"estado\":\"SOLICITUD EN PROCESO DE EVALUACION DE INSPECCION DE TERRENO REALIZADA POR SERNAPESCA\",\"fusion\":false,\"co_centros\":[]}]"}},{"type":"Feature","geometry":{"type":"Point","coordinates":[-74.249781,-44.318394]},"properties":{"codigo":"110631","n_solicitudes":1,"any_fusion":false,"holding":"BLUMAR S.A.","solicitudes":"[{\"titular\":\"SALMONES BLUMAR S.A\",\"holding\":\"BLUMAR S.A.\",\"fecha\":\"2020-07-04\",\"tipo\":\"RELOCALIZACIÓN\",\"estado\":\"SOLICITUD EN PROCESO DE EVALUACION DE INSPECCION DE TERRENO REALIZADA POR SERNAPESCA\",\"fusion\":false,\"co_centros\":[]}]"}},{"type":"Feature","geometry":{"type":"Point","coordinates":[-74.389364,-44.609006]},"properties":{"codigo":"110775","n_solicitudes":1,"any_fusion":true,"holding":"BLUMAR S.A.","solicitudes":"[{\"titular\":\"SALMONES BLUMAR S.A.\",\"holding\":\"BLUMAR S.A.\",\"fecha\":\"2022-01-30\",\"tipo\":\"FUSION-RELOCALIZACION\",\"estado\":\"SOLICITUD ESPERA EVALUACION UNIDAD DE ORDENAMIENTO TERRITORIAL DE SUBPESCA\",\"fusion\":true,\"co_centros\":[\"110780\"]}]"}},{"type":"Feature","geometry":{"type":"Point","coordinates":[-74.410328,-44.63715]},"properties":{"codigo":"110780","n_solicitudes":1,"any_fusion":true,"holding":"BLUMAR S.A.","solicitudes":"[{\"titular\":\"SALMONES BLUMAR S.A.\",\"holding\":\"BLUMAR S.A.\",\"fecha\":\"2022-01-30\",\"tipo\":\"FUSION-RELOCALIZACION\",\"estado\":\"SOLICITUD ESPERA EVALUACION UNIDAD DE ORDENAMIENTO TERRITORIAL DE SUBPESCA\",\"fusion\":true,\"co_centros\":[\"110775\"]}]"}},{"type":"Feature","geometry":{"type":"Point","coordinates":[-73.391514,-46.053064]},"properties":{"codigo":"110338","n_solicitudes":2,"any_fusion":true,"holding":"COOKE AQUACULTURE CHILE S.A.","solicitudes":"[{\"titular\":\"COOKE AQUACULTURE CHILE S.A.\",\"holding\":\"COOKE AQUACULTURE CHILE S.A.\",\"fecha\":\"2023-11-05\",\"tipo\":\"FUSION-RELOCALIZACION\",\"estado\":\"SOLICITUD ESPERA NOTIFICACION AMBIENTAL\",\"fusion\":true,\"co_centros\":[\"110259\"]},{\"titular\":\"COOKE AQUACULTURE CHILE S.A.\",\"holding\":\"COOKE AQUACULTURE CHILE S.A.\",\"fecha\":\"2023-04-25\",\"tipo\":\"DIVISION-RELOCALIZACION\",\"estado\":\"SOLICITUD ESPERA NOTIFICACION AMBIENTAL\",\"fusion\":true,\"co_centros\":[\"110259\",\"110337\",\"110424\"]}]"}},{"type":"Feature","geometry":{"type":"Point","coordinates":[-73.610706,-46.3185]},"properties":{"codigo":"110259","n_solicitudes":2,"any_fusion":true,"holding":"COOKE AQUACULTURE CHILE S.A.","solicitudes":"[{\"titular\":\"COOKE AQUACULTURE CHILE S.A.\",\"holding\":\"COOKE AQUACULTURE CHILE S.A.\",\"fecha\":\"2023-11-05\",\"tipo\":\"FUSION-RELOCALIZACION\",\"estado\":\"SOLICITUD ESPERA NOTIFICACION AMBIENTAL\",\"fusion\":true,\"co_centros\":[\"110338\"]},{\"titular\":\"COOKE AQUACULTURE CHILE S.A.\",\"holding\":\"COOKE AQUACULTURE CHILE S.A.\",\"fecha\":\"2023-04-25\",\"tipo\":\"DIVISION-RELOCALIZACION\",\"estado\":\"SOLICITUD ESPERA NOTIFICACION AMBIENTAL\",\"fusion\":true,\"co_centros\":[\"110337\",\"110338\",\"110424\"]}]"}},{"type":"Feature","geometry":{"type":"Point","coordinates":[-73.534586,-46.286839]},"properties":{"codigo":"110337","n_solicitudes":3,"any_fusion":true,"holding":"COOKE AQUACULTURE CHILE S.A.","solicitudes":"[{\"titular\":\"COOKE AQUACULTURE CHILE S.A.\",\"holding\":\"COOKE AQUACULTURE CHILE S.A.\",\"fecha\":null,\"tipo\":\"DIVISION; RELOCALIZACION\",\"estado\":\"SOLICITUD ESPERA NOTIFICACION AMBIENTAL\",\"fusion\":false,\"co_centros\":[]},{\"titular\":\"COOKE AQUACULTURE CHILE S.A.\",\"holding\":\"COOKE AQUACULTURE CHILE S.A.\",\"fecha\":\"2023-04-25\",\"tipo\":\"DIVISION-RELOCALIZACION\",\"estado\":\"SOLICITUD ESPERA NOTIFICACION AMBIENTAL\",\"fusion\":true,\"co_centros\":[\"110259\",\"110338\",\"110424\"]},{\"titular\":\"COOKE AQUACULTURE CHILE S.A.\",\"holding\":\"COOKE AQUACULTURE CHILE S.A.\",\"fecha\":\"2025-02-06\",\"tipo\":\"DIVISION-RELOCALIZACION\",\"estado\":\"SOLICITUD ESPERA EVALUACION UNIDAD DE ORDENAMIENTO TERRITORIAL DE SUBPESCA\",\"fusion\":false,\"co_centros\":[]}]"}},{"type":"Feature","geometry":{"type":"Point","coordinates":[-73.517653,-46.140381]},"properties":{"codigo":"110424","n_solicitudes":2,"any_fusion":true,"holding":"COOKE AQUACULTURE CHILE S.A.","solicitudes":"[{\"titular\":\"COOKE AQUACULTURE CHILE S.A.\",\"holding\":\"COOKE AQUACULTURE CHILE S.A.\",\"fecha\":\"2023-04-25\",\"tipo\":\"DIVISION-RELOCALIZACION\",\"estado\":\"SOLICITUD ESPERA NOTIFICACION AMBIENTAL\",\"fusion\":true,\"co_centros\":[\"110259\",\"110337\",\"110338\"]},{\"titular\":\"COOKE AQUACULTURE CHILE S.A.\",\"holding\":\"COOKE AQUACULTURE CHILE S.A.\",\"fecha\":\"2023-04-25\",\"tipo\":\"DIVISION-RELOCALIZACION\",\"estado\":\"SOLICITUD ESPERA NOTIFICACION AMBIENTAL\",\"fusion\":true,\"co_centros\":[\"110228\",\"1110337\"]}]"}},{"type":"Feature","geometry":{"type":"Point","coordinates":[-73.581014,-46.305669]},"properties":{"codigo":"110228","n_solicitudes":1,"any_fusion":true,"holding":"COOKE AQUACULTURE CHILE S.A.","solicitudes":"[{\"titular\":\"COOKE AQUACULTURE CHILE S.A.\",\"holding\":\"COOKE AQUACULTURE CHILE S.A.\",\"fecha\":\"2023-04-25\",\"tipo\":\"DIVISION-RELOCALIZACION\",\"estado\":\"SOLICITUD ESPERA NOTIFICACION AMBIENTAL\",\"fusion\":true,\"co_centros\":[\"1110337\",\"110424\"]}]"}},{"type":"Feature","geometry":{"type":"Point","coordinates":[-74.142703,-45.155761]},"properties":{"codigo":"110442","n_solicitudes":1,"any_fusion":false,"holding":"BLUMAR S.A.","solicitudes":"[{\"titular\":\"SALMONES BLUMAR S.A.\",\"holding\":\"BLUMAR S.A.\",\"fecha\":\"2024-04-07\",\"tipo\":\"RELOCALIZACION\",\"estado\":\"SOLICITUD EN PROCESO DE EVALUACION DE INSPECCION DE TERRENO REALIZADA POR SERNAPESCA\",\"fusion\":false,\"co_centros\":[]}]"}},{"type":"Feature","geometry":{"type":"Point","coordinates":[-74.307714,-45.693294]},"properties":{"codigo":"110798","n_solicitudes":1,"any_fusion":false,"holding":"AUSTRALIS MAR S.A","solicitudes":"[{\"titular\":\"AUSTRALIS MAR S.A.\",\"holding\":\"AUSTRALIS MAR S.A\",\"fecha\":\"2023-05-29\",\"tipo\":\"DIVISION; RELOCALIZACION\",\"estado\":\"SOLICITUD EN PROCESO DE EVALUACION DE INSPECCION DE TERRENO REALIZADA POR SERNAPESCA\",\"fusion\":false,\"co_centros\":[]}]"}},{"type":"Feature","geometry":{"type":"Point","coordinates":[-74.381531,-44.902786]},"properties":{"codigo":"110763","n_solicitudes":2,"any_fusion":true,"holding":"BLUMAR S.A.","solicitudes":"[{\"titular\":\"SALMONES BLUMAR S.A.\",\"holding\":\"BLUMAR S.A.\",\"fecha\":\"2024-01-01\",\"tipo\":\"FUSION-RELOCALIZACION\",\"estado\":\"SOLICITUD EN PROCESO DE RECHAZO\",\"fusion\":true,\"co_centros\":[\"110629\"]},{\"titular\":\"SALMONES BLUMAR S.A.\",\"holding\":\"BLUMAR S.A.\",\"fecha\":\"2023-07-24\",\"tipo\":\"DIVISION-FUSION-RELOCALIZACION\",\"estado\":\"SOLICITUD EN PROCESO DE RECHAZO\",\"fusion\":true,\"co_centros\":[\"110785\"]}]"}},{"type":"Feature","geometry":{"type":"Point","coordinates":[-73.501264,-45.193836]},"properties":{"codigo":"110629","n_solicitudes":1,"any_fusion":true,"holding":"BLUMAR S.A.","solicitudes":"[{\"titular\":\"SALMONES BLUMAR S.A.\",\"holding\":\"BLUMAR S.A.\",\"fecha\":\"2024-01-01\",\"tipo\":\"FUSION-RELOCALIZACION\",\"estado\":\"SOLICITUD EN PROCESO DE RECHAZO\",\"fusion\":true,\"co_centros\":[\"110763\"]}]"}},{"type":"Feature","geometry":{"type":"Point","coordinates":[-74.120847,-45.780225]},"properties":{"codigo":"110801","n_solicitudes":1,"any_fusion":true,"holding":"AUSTRALIS MAR S.A","solicitudes":"[{\"titular\":\"AUSTRALIS MAR S.A.\",\"holding\":\"AUSTRALIS MAR S.A\",\"fecha\":\"2023-05-29\",\"tipo\":\"FUSION-RELOCALIZACION\",\"estado\":\"SOLICITUD EN PROCESO DE EVALUACION DE INSPECCION DE TERRENO REALIZADA POR SERNAPESCA\",\"fusion\":true,\"co_centros\":[\"110911\",\"110848\"]}]"}},{"type":"Feature","geometry":{"type":"Point","coordinates":[-73.583436,-45.446942]},"properties":{"codigo":"110911","n_solicitudes":1,"any_fusion":true,"holding":"AUSTRALIS MAR S.A","solicitudes":"[{\"titular\":\"AUSTRALIS MAR S.A.\",\"holding\":\"AUSTRALIS MAR S.A\",\"fecha\":\"2023-05-29\",\"tipo\":\"FUSION-RELOCALIZACION\",\"estado\":\"SOLICITUD EN PROCESO DE EVALUACION DE INSPECCION DE TERRENO REALIZADA POR SERNAPESCA\",\"fusion\":true,\"co_centros\":[\"110801\",\"110848\"]}]"}},{"type":"Feature","geometry":{"type":"Point","coordinates":[-74.297,-45.746253]},"properties":{"codigo":"110848","n_solicitudes":1,"any_fusion":true,"holding":"AUSTRALIS MAR S.A","solicitudes":"[{\"titular\":\"AUSTRALIS MAR S.A.\",\"holding\":\"AUSTRALIS MAR S.A\",\"fecha\":\"2023-05-29\",\"tipo\":\"FUSION-RELOCALIZACION\",\"estado\":\"SOLICITUD EN PROCESO DE EVALUACION DE INSPECCION DE TERRENO REALIZADA POR SERNAPESCA\",\"fusion\":true,\"co_centros\":[\"110801\",\"110911\"]}]"}},{"type":"Feature","geometry":{"type":"Point","coordinates":[-74.044475,-45.845325]},"properties":{"codigo":"110910","n_solicitudes":1,"any_fusion":true,"holding":"AUSTRALIS MAR S.A","solicitudes":"[{\"titular\":\"AUSTRALIS MAR S.A.\",\"holding\":\"AUSTRALIS MAR S.A\",\"fecha\":\"2023-05-29\",\"tipo\":\"FUSION-RELOCALIZACION\",\"estado\":\"SOLICITUD EN PROCESO DE EVALUACION DE INSPECCION DE TERRENO REALIZADA POR SERNAPESCA\",\"fusion\":true,\"co_centros\":[\"110739\"]}]"}},{"type":"Feature","geometry":{"type":"Point","coordinates":[-73.900942,-45.711933]},"properties":{"codigo":"110739","n_solicitudes":1,"any_fusion":true,"holding":"AUSTRALIS MAR S.A","solicitudes":"[{\"titular\":\"AUSTRALIS MAR S.A.\",\"holding\":\"AUSTRALIS MAR S.A\",\"fecha\":\"2023-05-29\",\"tipo\":\"FUSION-RELOCALIZACION\",\"estado\":\"SOLICITUD EN PROCESO DE EVALUACION DE INSPECCION DE TERRENO REALIZADA POR SERNAPESCA\",\"fusion\":true,\"co_centros\":[\"110910\"]}]"}},{"type":"Feature","geometry":{"type":"Point","coordinates":[-73.468119,-45.312031]},"properties":{"codigo":"110909","n_solicitudes":1,"any_fusion":false,"holding":"AUSTRALIS MAR S.A","solicitudes":"[{\"titular\":\"AUSTRALIS MAR S.A.\",\"holding\":\"AUSTRALIS MAR S.A\",\"fecha\":\"2023-07-11\",\"tipo\":\"RELOCALIZACION\",\"estado\":\"SOLICITUD ESPERA EVALUACION UNIDAD DE ORDENAMIENTO TERRITORIAL DE SUBPESCA\",\"fusion\":false,\"co_centros\":[]}]"}},{"type":"Feature","geometry":{"type":"Point","coordinates":[-74.417442,-44.425528]},"properties":{"codigo":"110728","n_solicitudes":1,"any_fusion":true,"holding":"BLUMAR S.A.","solicitudes":"[{\"titular\":\"SALMONES BLUMAR S.A.\",\"holding\":\"BLUMAR S.A.\",\"fecha\":\"2022-12-25\",\"tipo\":\"FUSION-RELOCALIZACION\",\"estado\":\"SOLICITUD ESPERA EVALUACION UNIDAD DE ORDENAMIENTO TERRITORIAL DE SUBPESCA\",\"fusion\":true,\"co_centros\":[\"110647\"]}]"}},{"type":"Feature","geometry":{"type":"Point","coordinates":[-74.307372,-44.336422]},"properties":{"codigo":"110647","n_solicitudes":1,"any_fusion":true,"holding":"BLUMAR S.A.","solicitudes":"[{\"titular\":\"SALMONES BLUMAR S.A.\",\"holding\":\"BLUMAR S.A.\",\"fecha\":\"2022-12-25\",\"tipo\":\"FUSION-RELOCALIZACION\",\"estado\":\"SOLICITUD ESPERA EVALUACION UNIDAD DE ORDENAMIENTO TERRITORIAL DE SUBPESCA\",\"fusion\":true,\"co_centros\":[\"110728\"]}]"}},{"type":"Feature","geometry":{"type":"Point","coordinates":[-74.278642,-44.869389]},"properties":{"codigo":"110785","n_solicitudes":1,"any_fusion":true,"holding":"BLUMAR S.A.","solicitudes":"[{\"titular\":\"SALMONES BLUMAR S.A.\",\"holding\":\"BLUMAR S.A.\",\"fecha\":\"2023-07-24\",\"tipo\":\"DIVISION-FUSION-RELOCALIZACION\",\"estado\":\"SOLICITUD EN PROCESO DE RECHAZO\",\"fusion\":true,\"co_centros\":[\"110763\"]}]"}},{"type":"Feature","geometry":{"type":"Point","coordinates":[-73.238933,-42.315164]},"properties":{"codigo":"100609","n_solicitudes":1,"any_fusion":false,"holding":"CERMAQ CHILE S.A","solicitudes":"[{\"titular\":\"CERMAQ CHILE S.A.\",\"holding\":\"CERMAQ CHILE S.A\",\"fecha\":\"2010-02-09\",\"tipo\":\"RELOCALIZACION\",\"estado\":\"SOLICITUD ESPERA NOTIFICACION AMBIENTAL\",\"fusion\":false,\"co_centros\":[]}]"}},{"type":"Feature","geometry":{"type":"Point","coordinates":[-72.795028,-42.356608]},"properties":{"codigo":"102907","n_solicitudes":1,"any_fusion":false,"holding":"EMPRESAS AQUACHILE S.A.","solicitudes":"[{\"titular\":\"SALMONES CHILOE S.A.\",\"holding\":\"EMPRESAS AQUACHILE S.A.\",\"fecha\":\"2010-08-22\",\"tipo\":\"RELOCALIZACION\",\"estado\":\"SOLICITUD EN PROCESO DE EVALUACION DE INSPECCION DE TERRENO REALIZADA POR SERNAPESCA\",\"fusion\":false,\"co_centros\":[]}]"}},{"type":"Feature","geometry":{"type":"Point","coordinates":[-72.627114,-42.04795]},"properties":{"codigo":"100630","n_solicitudes":1,"any_fusion":false,"holding":"CERMAQ CHILE S.A","solicitudes":"[{\"titular\":\"SALMONES HUMBOLDT LTDA\",\"holding\":\"CERMAQ CHILE S.A\",\"fecha\":\"2010-10-21\",\"tipo\":\"RELOCALIZACIÓN\",\"estado\":\"PARA SOLICITAR INSPECCION TERRENO\",\"fusion\":false,\"co_centros\":[]}]"}},{"type":"Feature","geometry":{"type":"Point","coordinates":[-73.859661,-40.904517]},"properties":{"codigo":"104012","n_solicitudes":1,"any_fusion":false,"holding":"CERMAQ CHILE S.A","solicitudes":"[{\"titular\":\"SALMONES HUMBOLDT LTDA.\",\"holding\":\"CERMAQ CHILE S.A\",\"fecha\":\"2014-01-30\",\"tipo\":\"RELOCALIZACION\",\"estado\":\"PARA SOLICITAR INSPECCION TERRENO\",\"fusion\":false,\"co_centros\":[]}]"}},{"type":"Feature","geometry":{"type":"Point","coordinates":[-72.627489,-42.058814]},"properties":{"codigo":"102265","n_solicitudes":1,"any_fusion":false,"holding":"CERMAQ CHILE S.A","solicitudes":"[{\"titular\":\"SALMONES HUMBOLDT LTDA.\",\"holding\":\"CERMAQ CHILE S.A\",\"fecha\":\"2015-06-04\",\"tipo\":\"RELOCALIZACIÓN\",\"estado\":\"SOLICITUD EN PROCESO DE RECHAZO\",\"fusion\":false,\"co_centros\":[]}]"}},{"type":"Feature","geometry":{"type":"Point","coordinates":[-73.727125,-44.219017]},"properties":{"codigo":"110514","n_solicitudes":1,"any_fusion":false,"holding":"CERMAQ CHILE S.A","solicitudes":"[{\"titular\":\"SALMONES HUMBOLDT SPA\",\"holding\":\"CERMAQ CHILE S.A\",\"fecha\":\"2010-08-22\",\"tipo\":\"RELOCALIZACION\",\"estado\":\"SOLICITUD ESPERA NOTIFICACION AMBIENTAL\",\"fusion\":false,\"co_centros\":[]}]"}},{"type":"Feature","geometry":{"type":"Point","coordinates":[-73.347647,-42.563917]},"properties":{"codigo":"102126","n_solicitudes":1,"any_fusion":false,"holding":"MOWI CHILE S.A.","solicitudes":"[{\"titular\":\"MOWI CHILE S.A.\",\"holding\":\"MOWI CHILE S.A.\",\"fecha\":\"2015-05-27\",\"tipo\":\"DIVISIÓN-RELOCALIZACIÓN\",\"estado\":\"PARA SOLICITAR INSPECCION TERRENO\",\"fusion\":false,\"co_centros\":[]}]"}},{"type":"Feature","geometry":{"type":"Point","coordinates":[-72.4674,-42.313233]},"properties":{"codigo":"103310","n_solicitudes":2,"any_fusion":true,"holding":"INVERMAR S.A","solicitudes":"[{\"titular\":\"INVERMAR S.A.\",\"holding\":\"INVERMAR S.A\",\"fecha\":\"2018-11-13\",\"tipo\":\"RELOCALIZACION\",\"estado\":\"SOLICITUD EN PROCESO DE RECHAZO\",\"fusion\":false,\"co_centros\":[]},{\"titular\":\"INVERMAR S.A.\",\"holding\":\"INVERMAR S.A\",\"fecha\":\"2021-04-25\",\"tipo\":\"FUSION-RELOCALIZACION\",\"estado\":\"SOLICITUD EN PROCESO DE RECHAZO\",\"fusion\":true,\"co_centros\":[\"103340\"]}]"}},{"type":"Feature","geometry":{"type":"Point","coordinates":[-72.447889,-42.239281]},"properties":{"codigo":"102135","n_solicitudes":1,"any_fusion":false,"holding":"PRODUCTOS DEL MAR VENTISQUEROS S.A.","solicitudes":"[{\"titular\":\"PRODUCTOS DEL MAR VENTISQUEROS S.A.\",\"holding\":\"PRODUCTOS DEL MAR VENTISQUEROS S.A.\",\"fecha\":\"2015-06-04\",\"tipo\":\"RELOCALIZACION\",\"estado\":\"PARA SOLICITAR INSPECCION TERRENO\",\"fusion\":false,\"co_centros\":[]}]"}},{"type":"Feature","geometry":{"type":"Point","coordinates":[-72.589503,-42.098489]},"properties":{"codigo":"102925","n_solicitudes":1,"any_fusion":false,"holding":"MOWI CHILE S.A.","solicitudes":"[{\"titular\":\"MOWI CHILE S.A.\",\"holding\":\"MOWI CHILE S.A.\",\"fecha\":\"2015-06-04\",\"tipo\":\"RELOCALIZACIÓN\",\"estado\":\"SOLICITUD EN PROCESO DE EVALUACION DE INSPECCION DE TERRENO REALIZADA POR SERNAPESCA\",\"fusion\":false,\"co_centros\":[]}]"}},{"type":"Feature","geometry":{"type":"Point","coordinates":[-73.632603,-44.297722]},"properties":{"codigo":"110618","n_solicitudes":1,"any_fusion":true,"holding":"CERMAQ CHILE S.A","solicitudes":"[{\"titular\":\"SALMONES HUMBOLDT SPA\",\"holding\":\"CERMAQ CHILE S.A\",\"fecha\":\"2021-05-13\",\"tipo\":\"FUSION-RELOCALIZACION\",\"estado\":\"SOLICITUD EN PROCESO DE EVALUACION DE INSPECCION DE TERRENO REALIZADA POR SERNAPESCA\",\"fusion\":true,\"co_centros\":[\"110787\",\"110666\"]}]"}},{"type":"Feature","geometry":{"type":"Point","coordinates":[-73.724214,-44.33145]},"properties":{"codigo":"110787","n_solicitudes":1,"any_fusion":true,"holding":"CERMAQ CHILE S.A","solicitudes":"[{\"titular\":\"SALMONES HUMBOLDT SPA\",\"holding\":\"CERMAQ CHILE S.A\",\"fecha\":\"2021-05-13\",\"tipo\":\"FUSION-RELOCALIZACION\",\"estado\":\"SOLICITUD EN PROCESO DE EVALUACION DE INSPECCION DE TERRENO REALIZADA POR SERNAPESCA\",\"fusion\":true,\"co_centros\":[\"110618\",\"110666\"]}]"}},{"type":"Feature","geometry":{"type":"Point","coordinates":[-73.574997,-44.348153]},"properties":{"codigo":"110666","n_solicitudes":1,"any_fusion":true,"holding":"CERMAQ CHILE S.A","solicitudes":"[{\"titular\":\"SALMONES HUMBOLDT SPA\",\"holding\":\"CERMAQ CHILE S.A\",\"fecha\":\"2021-05-13\",\"tipo\":\"FUSION-RELOCALIZACION\",\"estado\":\"SOLICITUD EN PROCESO DE EVALUACION DE INSPECCION DE TERRENO REALIZADA POR SERNAPESCA\",\"fusion\":true,\"co_centros\":[\"110618\",\"110787\"]}]"}},{"type":"Feature","geometry":{"type":"Point","coordinates":[-72.55135,-42.205033]},"properties":{"codigo":"103965","n_solicitudes":2,"any_fusion":false,"holding":"SALMONES AUSTRAL S.A.","solicitudes":"[{\"titular\":\"TRUSAL S.A.\",\"holding\":\"SALMONES AUSTRAL S.A.\",\"fecha\":\"2015-06-04\",\"tipo\":\"RELOCALIZACIÓN\",\"estado\":\"SOLICITUD EN PROCESO DE RECHAZO\",\"fusion\":false,\"co_centros\":[]},{\"titular\":\"TRUSAL S.A.\",\"holding\":\"SALMONES AUSTRAL S.A.\",\"fecha\":\"2021-02-17\",\"tipo\":\"RELOCALIZACION\",\"estado\":\"SOLICITUD EN PROCESO DE RECHAZO\",\"fusion\":false,\"co_centros\":[]}]"}},{"type":"Feature","geometry":{"type":"Point","coordinates":[-72.702461,-42.437156]},"properties":{"codigo":"103734","n_solicitudes":1,"any_fusion":false,"holding":"CERMAQ CHILE S.A","solicitudes":"[{\"titular\":\"SALMONES HUMBOLDT SPA\",\"holding\":\"CERMAQ CHILE S.A\",\"fecha\":\"2014-01-30\",\"tipo\":\"RELOCALIZACION\",\"estado\":\"SOLICITUD EN PROCESO DE EVALUACION DE INSPECCION DE TERRENO REALIZADA POR SERNAPESCA\",\"fusion\":false,\"co_centros\":[]}]"}},{"type":"Feature","geometry":{"type":"Point","coordinates":[-73.237075,-42.488978]},"properties":{"codigo":"104109","n_solicitudes":1,"any_fusion":false,"holding":"SALMONES AUSTRAL S.A.","solicitudes":"[{\"titular\":\"TRUSAL S.A.\",\"holding\":\"SALMONES AUSTRAL S.A.\",\"fecha\":\"2020-07-01\",\"tipo\":\"RELOCALIZACION\",\"estado\":\"SOLICITUD EN PROCESO DE EVALUACION DE INSPECCION DE TERRENO REALIZADA POR SERNAPESCA\",\"fusion\":false,\"co_centros\":[]}]"}},{"type":"Feature","geometry":{"type":"Point","coordinates":[-73.385133,-42.545372]},"properties":{"codigo":"104223","n_solicitudes":1,"any_fusion":false,"holding":"SALMONES AUSTRAL S.A.","solicitudes":"[{\"titular\":\"TRUSAL S.A.\",\"holding\":\"SALMONES AUSTRAL S.A.\",\"fecha\":\"2021-12-27\",\"tipo\":\"RELOCALIZACIÓN\",\"estado\":\"SOLICITUD EN PROCESO DE EVALUACION DE INSPECCION DE TERRENO REALIZADA POR SERNAPESCA\",\"fusion\":false,\"co_centros\":[]}]"}},{"type":"Feature","geometry":{"type":"Point","coordinates":[-72.780536,-42.934425]},"properties":{"codigo":"103939","n_solicitudes":1,"any_fusion":false,"holding":"SALMONES AUSTRAL S.A.","solicitudes":"[{\"titular\":\"TRUSAL S.A.\",\"holding\":\"SALMONES AUSTRAL S.A.\",\"fecha\":\"2020-01-03\",\"tipo\":\"RELOCALIZACION\",\"estado\":\"SOLICITUD EN PROCESO DE EVALUACION DE INSPECCION DE TERRENO REALIZADA POR SERNAPESCA\",\"fusion\":false,\"co_centros\":[]}]"}},{"type":"Feature","geometry":{"type":"Point","coordinates":[-72.498122,-41.724006]},"properties":{"codigo":"103452","n_solicitudes":1,"any_fusion":false,"holding":"CALETA BAY S.A.","solicitudes":"[{\"titular\":\"CALETA BAY MAR SPA\",\"holding\":\"CALETA BAY S.A.\",\"fecha\":\"2020-03-25\",\"tipo\":\"RELOCALIZACIÓN\",\"estado\":\"SOLICITUD ESPERA NOTIFICACION AMBIENTAL\",\"fusion\":false,\"co_centros\":[]}]"}},{"type":"Feature","geometry":{"type":"Point","coordinates":[-74.686158,-45.814217]},"properties":{"codigo":"110429","n_solicitudes":1,"any_fusion":true,"holding":"MULTIEXPORT FOODS S.A.","solicitudes":"[{\"titular\":\"SALMONES MULTIEXPORT S.A\",\"holding\":\"MULTIEXPORT FOODS S.A.\",\"fecha\":\"2022-04-17\",\"tipo\":\"FUSION-RELOCALIZACION\",\"estado\":\"SOLICITUD EN PROCESO DE EVALUACION DE INSPECCION DE TERRENO REALIZADA POR SERNAPESCA\",\"fusion\":true,\"co_centros\":[\"110383\"]}]"}},{"type":"Feature","geometry":{"type":"Point","coordinates":[-73.768,-45.3048]},"properties":{"codigo":"110383","n_solicitudes":1,"any_fusion":true,"holding":"MULTIEXPORT FOODS S.A.","solicitudes":"[{\"titular\":\"SALMONES MULTIEXPORT S.A\",\"holding\":\"MULTIEXPORT FOODS S.A.\",\"fecha\":\"2022-04-17\",\"tipo\":\"FUSION-RELOCALIZACION\",\"estado\":\"SOLICITUD EN PROCESO DE EVALUACION DE INSPECCION DE TERRENO REALIZADA POR SERNAPESCA\",\"fusion\":true,\"co_centros\":[\"110429\"]}]"}},{"type":"Feature","geometry":{"type":"Point","coordinates":[-72.539286,-42.215286]},"properties":{"codigo":"103813","n_solicitudes":1,"any_fusion":true,"holding":"SALMONES AUSTRAL S.A.","solicitudes":"[{\"titular\":\"TRUSAL S.A.\",\"holding\":\"SALMONES AUSTRAL S.A.\",\"fecha\":\"2021-02-17\",\"tipo\":\"FUSION-RELOCALIZACION\",\"estado\":\"SOLICITUD EN PROCESO DE RECHAZO\",\"fusion\":true,\"co_centros\":[\"104145\"]}]"}},{"type":"Feature","geometry":{"type":"Point","coordinates":[-72.641811,-42.079672]},"properties":{"codigo":"104145","n_solicitudes":1,"any_fusion":true,"holding":"SALMONES AUSTRAL S.A.","solicitudes":"[{\"titular\":\"TRUSAL S.A.\",\"holding\":\"SALMONES AUSTRAL S.A.\",\"fecha\":\"2021-02-17\",\"tipo\":\"FUSION-RELOCALIZACION\",\"estado\":\"SOLICITUD EN PROCESO DE RECHAZO\",\"fusion\":true,\"co_centros\":[\"103813\"]}]"}},{"type":"Feature","geometry":{"type":"Point","coordinates":[-74.296489,-44.619592]},"properties":{"codigo":"110376","n_solicitudes":1,"any_fusion":false,"holding":"MULTIEXPORT FOODS S.A.","solicitudes":"[{\"titular\":\"SALMONES MULTIEXPORT S.A.\",\"holding\":\"MULTIEXPORT FOODS S.A.\",\"fecha\":\"2010-08-22\",\"tipo\":\"RELOCALIZACION\",\"estado\":\"SOLICITUD ESPERA EVALUACION UNIDAD DE ORDENAMIENTO TERRITORIAL DE SUBPESCA\",\"fusion\":false,\"co_centros\":[]}]"}},{"type":"Feature","geometry":{"type":"Point","coordinates":[-73.784353,-44.552578]},"properties":{"codigo":"110387","n_solicitudes":1,"any_fusion":false,"holding":"MULTIEXPORT FOODS S.A.","solicitudes":"[{\"titular\":\"SALMONES MULTIEXPORT S.A.\",\"holding\":\"MULTIEXPORT FOODS S.A.\",\"fecha\":\"2016-01-09\",\"tipo\":\"RELOCALIZACION\",\"estado\":\"SOLICITUD EN PROCESO DE EVALUACION DE INSPECCION DE TERRENO REALIZADA POR SERNAPESCA\",\"fusion\":false,\"co_centros\":[]}]"}},{"type":"Feature","geometry":{"type":"Point","coordinates":[-72.443911,-41.691833]},"properties":{"codigo":"103661","n_solicitudes":1,"any_fusion":false,"holding":"CALETA BAY S.A.","solicitudes":"[{\"titular\":\"CALETA BAY MAR SPA\",\"holding\":\"CALETA BAY S.A.\",\"fecha\":\"2020-03-25\",\"tipo\":\"RELOCALIZACIÓN\",\"estado\":\"SOLICITUD ESPERA NOTIFICACION AMBIENTAL\",\"fusion\":false,\"co_centros\":[]}]"}},{"type":"Feature","geometry":{"type":"Point","coordinates":[-73.813139,-44.514231]},"properties":{"codigo":"110391","n_solicitudes":1,"any_fusion":false,"holding":"MULTIEXPORT FOODS S.A.","solicitudes":"[{\"titular\":\"SALMONES MULTIEXPORT S.A.\",\"holding\":\"MULTIEXPORT FOODS S.A.\",\"fecha\":\"2016-09-14\",\"tipo\":\"RELOCALIZACION\",\"estado\":\"SUPEDITADA A PLAN DE MANEJO DE AREA PROTEGIDA\",\"fusion\":false,\"co_centros\":[]}]"}},{"type":"Feature","geometry":{"type":"Point","coordinates":[-73.990922,-45.389889]},"properties":{"codigo":"110401","n_solicitudes":1,"any_fusion":false,"holding":"MULTIEXPORT FOODS S.A.","solicitudes":"[{\"titular\":\"SALMONES MULTIEXPORT S.A.\",\"holding\":\"MULTIEXPORT FOODS S.A.\",\"fecha\":\"2016-09-14\",\"tipo\":\"RELOCALIZACION\",\"estado\":\"SUPEDITADA A PLAN DE MANEJO DE AREA PROTEGIDA\",\"fusion\":false,\"co_centros\":[]}]"}},{"type":"Feature","geometry":{"type":"Point","coordinates":[-74.124286,-44.731814]},"properties":{"codigo":"110915","n_solicitudes":1,"any_fusion":false,"holding":"MULTIEXPORT FOODS S.A.","solicitudes":"[{\"titular\":\"SALMONES MULTIEXPORT S.A.\",\"holding\":\"MULTIEXPORT FOODS S.A.\",\"fecha\":\"2016-01-09\",\"tipo\":\"RELOCALIZACION\",\"estado\":\"SOLICITUD ESPERA NOTIFICACION AMBIENTAL\",\"fusion\":false,\"co_centros\":[]}]"}},{"type":"Feature","geometry":{"type":"Point","coordinates":[-73.972669,-44.597008]},"properties":{"codigo":"110394","n_solicitudes":1,"any_fusion":false,"holding":"MULTIEXPORT FOODS S.A.","solicitudes":"[{\"titular\":\"SALMONES MULTIEXPORT S.A.\",\"holding\":\"MULTIEXPORT FOODS S.A.\",\"fecha\":\"2016-01-09\",\"tipo\":\"RELOCALIZACION\",\"estado\":\"SOLICITUD ESPERA NOTIFICACION AMBIENTAL\",\"fusion\":false,\"co_centros\":[]}]"}},{"type":"Feature","geometry":{"type":"Point","coordinates":[-73.549939,-43.151172]},"properties":{"codigo":"102043","n_solicitudes":1,"any_fusion":true,"holding":"INVERMAR S.A","solicitudes":"[{\"titular\":\"INVERMAR S.A.\",\"holding\":\"INVERMAR S.A\",\"fecha\":\"2020-08-06\",\"tipo\":\"FUSIÓN/RELOCALIZACIÓN\",\"estado\":\"SOLICITUD EN PROCESO DE EVALUACION DE INSPECCION DE TERRENO REALIZADA POR SERNAPESCA\",\"fusion\":true,\"co_centros\":[\"103563\"]}]"}},{"type":"Feature","geometry":{"type":"Point","coordinates":[-73.312856,-43.034875]},"properties":{"codigo":"103563","n_solicitudes":1,"any_fusion":true,"holding":"INVERMAR S.A","solicitudes":"[{\"titular\":\"INVERMAR S.A.\",\"holding\":\"INVERMAR S.A\",\"fecha\":\"2020-08-06\",\"tipo\":\"FUSIÓN/RELOCALIZACIÓN\",\"estado\":\"SOLICITUD EN PROCESO DE EVALUACION DE INSPECCION DE TERRENO REALIZADA POR SERNAPESCA\",\"fusion\":true,\"co_centros\":[\"102043\"]}]"}},{"type":"Feature","geometry":{"type":"Point","coordinates":[-72.845711,-42.799261]},"properties":{"codigo":"103340","n_solicitudes":1,"any_fusion":true,"holding":"INVERMAR S.A","solicitudes":"[{\"titular\":\"INVERMAR S.A.\",\"holding\":\"INVERMAR S.A\",\"fecha\":\"2021-04-25\",\"tipo\":\"FUSION-RELOCALIZACION\",\"estado\":\"SOLICITUD EN PROCESO DE RECHAZO\",\"fusion\":true,\"co_centros\":[\"103310\"]}]"}},{"type":"Feature","geometry":{"type":"Point","coordinates":[-72.785381,-43.026756]},"properties":{"codigo":"103814","n_solicitudes":1,"any_fusion":true,"holding":"SALMONES AUSTRAL S.A.","solicitudes":"[{\"titular\":\"TRUSAL S.A.\",\"holding\":\"SALMONES AUSTRAL S.A.\",\"fecha\":\"2020-08-06\",\"tipo\":\"FUSION/RELOCALIZACION\",\"estado\":\"SOLICITUD ESPERA EVALUACION UNIDAD DE ORDENAMIENTO TERRITORIAL DE SUBPESCA\",\"fusion\":true,\"co_centros\":[\"102988\"]}]"}},{"type":"Feature","geometry":{"type":"Point","coordinates":[-72.823056,-43.013658]},"properties":{"codigo":"102988","n_solicitudes":1,"any_fusion":true,"holding":"SALMONES AUSTRAL S.A.","solicitudes":"[{\"titular\":\"TRUSAL S.A.\",\"holding\":\"SALMONES AUSTRAL S.A.\",\"fecha\":\"2020-08-06\",\"tipo\":\"FUSION/RELOCALIZACION\",\"estado\":\"SOLICITUD ESPERA EVALUACION UNIDAD DE ORDENAMIENTO TERRITORIAL DE SUBPESCA\",\"fusion\":true,\"co_centros\":[\"103814\"]}]"}},{"type":"Feature","geometry":{"type":"Point","coordinates":[-72.531958,-41.702456]},"properties":{"codigo":"103735","n_solicitudes":1,"any_fusion":true,"holding":"CALETA BAY S.A.","solicitudes":"[{\"titular\":\"TRUSAL S.A.\",\"holding\":\"CALETA BAY S.A.\",\"fecha\":\"2020-11-05\",\"tipo\":\"FUSION/RELOCALIZACION\",\"estado\":\"SOLICITUD EN PROCESO DE EVALUACION DE INSPECCION DE TERRENO REALIZADA POR SERNAPESCA\",\"fusion\":true,\"co_centros\":[\"101822\",\"104174\"]}]"}},{"type":"Feature","geometry":{"type":"Point","coordinates":[-72.326514,-41.503486]},"properties":{"codigo":"101822","n_solicitudes":1,"any_fusion":true,"holding":"CALETA BAY S.A.","solicitudes":"[{\"titular\":\"TRUSAL S.A.\",\"holding\":\"CALETA BAY S.A.\",\"fecha\":\"2020-11-05\",\"tipo\":\"FUSION/RELOCALIZACION\",\"estado\":\"SOLICITUD EN PROCESO DE EVALUACION DE INSPECCION DE TERRENO REALIZADA POR SERNAPESCA\",\"fusion\":true,\"co_centros\":[\"103735\",\"104174\"]}]"}},{"type":"Feature","geometry":{"type":"Point","coordinates":[-72.609164,-41.736831]},"properties":{"codigo":"104174","n_solicitudes":1,"any_fusion":true,"holding":"CALETA BAY S.A.","solicitudes":"[{\"titular\":\"TRUSAL S.A.\",\"holding\":\"CALETA BAY S.A.\",\"fecha\":\"2020-11-05\",\"tipo\":\"FUSION/RELOCALIZACION\",\"estado\":\"SOLICITUD EN PROCESO DE EVALUACION DE INSPECCION DE TERRENO REALIZADA POR SERNAPESCA\",\"fusion\":true,\"co_centros\":[\"103735\",\"101822\"]}]"}},{"type":"Feature","geometry":{"type":"Point","coordinates":[-73.121417,-42.661547]},"properties":{"codigo":"103307","n_solicitudes":1,"any_fusion":true,"holding":"INVERMAR S.A","solicitudes":"[{\"titular\":\"INVERMAR S.A.\",\"holding\":\"INVERMAR S.A\",\"fecha\":\"2020-08-06\",\"tipo\":\"FUSION-RELOCALIZACION\",\"estado\":\"SOLICITUD EN PROCESO DE EVALUACION DE INSPECCION DE TERRENO REALIZADA POR SERNAPESCA\",\"fusion\":true,\"co_centros\":[\"103337\"]}]"}},{"type":"Feature","geometry":{"type":"Point","coordinates":[-72.829622,-42.551069]},"properties":{"codigo":"103337","n_solicitudes":1,"any_fusion":true,"holding":"INVERMAR S.A","solicitudes":"[{\"titular\":\"INVERMAR S.A.\",\"holding\":\"INVERMAR S.A\",\"fecha\":\"2020-08-06\",\"tipo\":\"FUSION-RELOCALIZACION\",\"estado\":\"SOLICITUD EN PROCESO DE EVALUACION DE INSPECCION DE TERRENO REALIZADA POR SERNAPESCA\",\"fusion\":true,\"co_centros\":[\"103307\"]}]"}},{"type":"Feature","geometry":{"type":"Point","coordinates":[-74.247567,-44.715478]},"properties":{"codigo":"110868","n_solicitudes":1,"any_fusion":false,"holding":"MULTIEXPORT FOODS S.A.","solicitudes":"[{\"titular\":\"SALMONES MULTIEXPORT S.A.\",\"holding\":\"MULTIEXPORT FOODS S.A.\",\"fecha\":\"2016-01-09\",\"tipo\":\"RELOCALIZACION\",\"estado\":\"SUPEDITADA A PLAN DE MANEJO DE AREA PROTEGIDA\",\"fusion\":false,\"co_centros\":[]}]"}},{"type":"Feature","geometry":{"type":"Point","coordinates":[-72.456933,-42.181964]},"properties":{"codigo":"103418","n_solicitudes":1,"any_fusion":true,"holding":"PRODUCTOS DEL MAR VENTISQUEROS S.A.","solicitudes":"[{\"titular\":\"PRODUCTOS DEL MAR VENTISQUEROS S.A.\",\"holding\":\"PRODUCTOS DEL MAR VENTISQUEROS S.A.\",\"fecha\":\"2021-05-29\",\"tipo\":\"FUSION-RELOCALIZACION\",\"estado\":\"SOLICITUD EN PROCESO DE RECHAZO\",\"fusion\":true,\"co_centros\":[\"100088\"]}]"}},{"type":"Feature","geometry":{"type":"Point","coordinates":[-72.660333,-42.528533]},"properties":{"codigo":"104187","n_solicitudes":1,"any_fusion":true,"holding":"MARINE FARM","solicitudes":"[{\"titular\":\"TRUSAL S.A.\",\"holding\":\"MARINE FARM\",\"fecha\":\"2021-05-29\",\"tipo\":\"FUSION-RELOCALIZACION\",\"estado\":\"SOLICITUD SUPEDITADA A ENVIO DE ANTECEDENTES\",\"fusion\":true,\"co_centros\":[\"103313\",\"103559\",\"102099\"]}]"}},{"type":"Feature","geometry":{"type":"Point","coordinates":[-72.836069,-42.300944]},"properties":{"codigo":"103313","n_solicitudes":1,"any_fusion":true,"holding":"MARINE FARM","solicitudes":"[{\"titular\":\"TRUSAL S.A.\",\"holding\":\"MARINE FARM\",\"fecha\":\"2021-05-29\",\"tipo\":\"FUSION-RELOCALIZACION\",\"estado\":\"SOLICITUD SUPEDITADA A ENVIO DE ANTECEDENTES\",\"fusion\":true,\"co_centros\":[\"104187\",\"103559\",\"102099\"]}]"}},{"type":"Feature","geometry":{"type":"Point","coordinates":[-74.193458,-43.467206]},"properties":{"codigo":"103559","n_solicitudes":1,"any_fusion":true,"holding":"MARINE FARM","solicitudes":"[{\"titular\":\"TRUSAL S.A.\",\"holding\":\"MARINE FARM\",\"fecha\":\"2021-05-29\",\"tipo\":\"FUSION-RELOCALIZACION\",\"estado\":\"SOLICITUD SUPEDITADA A ENVIO DE ANTECEDENTES\",\"fusion\":true,\"co_centros\":[\"104187\",\"103313\",\"102099\"]}]"}},{"type":"Feature","geometry":{"type":"Point","coordinates":[-73.529908,-43.069167]},"properties":{"codigo":"102099","n_solicitudes":1,"any_fusion":true,"holding":"MARINE FARM","solicitudes":"[{\"titular\":\"TRUSAL S.A.\",\"holding\":\"MARINE FARM\",\"fecha\":\"2021-05-29\",\"tipo\":\"FUSION-RELOCALIZACION\",\"estado\":\"SOLICITUD SUPEDITADA A ENVIO DE ANTECEDENTES\",\"fusion\":true,\"co_centros\":[\"104187\",\"103313\",\"103559\"]}]"}},{"type":"Feature","geometry":{"type":"Point","coordinates":[-72.460756,-42.336172]},"properties":{"codigo":"103626","n_solicitudes":1,"any_fusion":false,"holding":"SALMONES AUSTRAL S.A.","solicitudes":"[{\"titular\":\"TRUSAL S.A.\",\"holding\":\"SALMONES AUSTRAL S.A.\",\"fecha\":\"2021-05-29\",\"tipo\":\"RELOCALIZACIÓN\",\"estado\":\"SOLICITUD SUPEDITADA A ENVIO DE ANTECEDENTES\",\"fusion\":false,\"co_centros\":[]}]"}},{"type":"Feature","geometry":{"type":"Point","coordinates":[-72.484936,-41.688619]},"properties":{"codigo":"104234","n_solicitudes":1,"any_fusion":false,"holding":"SALMONES CAMANCHACA S.A.","solicitudes":"[{\"titular\":\"FIORDO BLANCO S.A.\",\"holding\":\"SALMONES CAMANCHACA S.A.\",\"fecha\":\"2021-05-09\",\"tipo\":\"RELOCALIZACIÓN\",\"estado\":\"SOLICITUD EN PROCESO DE EVALUACION DE INSPECCION DE TERRENO REALIZADA POR SERNAPESCA\",\"fusion\":false,\"co_centros\":[]}]"}},{"type":"Feature","geometry":{"type":"Point","coordinates":[-72.779633,-41.824772]},"properties":{"codigo":"103527","n_solicitudes":1,"any_fusion":false,"holding":"SALMONES CAMANCHACA S.A.","solicitudes":"[{\"titular\":\"SALMONES CAMANCHACA S.A.\",\"holding\":\"SALMONES CAMANCHACA S.A.\",\"fecha\":\"2021-12-27\",\"tipo\":\"RELOCALIZACIÓN\",\"estado\":\"SOLICITUD EN PROCESO DE EVALUACION DE INSPECCION DE TERRENO REALIZADA POR SERNAPESCA\",\"fusion\":false,\"co_centros\":[]}]"}},{"type":"Feature","geometry":{"type":"Point","coordinates":[-72.73455,-42.402994]},"properties":{"codigo":"102914","n_solicitudes":1,"any_fusion":false,"holding":"SALMONES CAMANCHACA S.A.","solicitudes":"[{\"titular\":\"FIORDO BLANCO S.A.\",\"holding\":\"SALMONES CAMANCHACA S.A.\",\"fecha\":null,\"tipo\":\"RELOCALIZACIÓN\",\"estado\":\"SOLICITUD SUPEDITADA A ENVIO DE ANTECEDENTES\",\"fusion\":false,\"co_centros\":[]}]"}},{"type":"Feature","geometry":{"type":"Point","coordinates":[-74.364933,-44.295106]},"properties":{"codigo":"110834","n_solicitudes":1,"any_fusion":false,"holding":"MULTIEXPORT FOODS S.A.","solicitudes":"[{\"titular\":\"SALMONES MULTIEXPORT S.A.\",\"holding\":\"MULTIEXPORT FOODS S.A.\",\"fecha\":\"2016-01-09\",\"tipo\":\"RELOCALIZACION\",\"estado\":\"SOLICITUD ESPERA EVALUACION UNIDAD DE ORDENAMIENTO TERRITORIAL DE SUBPESCA\",\"fusion\":false,\"co_centros\":[]}]"}},{"type":"Feature","geometry":{"type":"Point","coordinates":[-74.220406,-44.71545]},"properties":{"codigo":"110945","n_solicitudes":1,"any_fusion":false,"holding":"MULTIEXPORT FOODS S.A.","solicitudes":"[{\"titular\":\"SALMONES MULTIEXPORT S.A.\",\"holding\":\"MULTIEXPORT FOODS S.A.\",\"fecha\":\"2016-01-09\",\"tipo\":\"RELOCALIZACION\",\"estado\":\"SOLICITUD EN PROCESO DE EVALUACION DE INSPECCION DE TERRENO REALIZADA POR SERNAPESCA\",\"fusion\":false,\"co_centros\":[]}]"}},{"type":"Feature","geometry":{"type":"Point","coordinates":[-72.425392,-42.164131]},"properties":{"codigo":"100176","n_solicitudes":2,"any_fusion":true,"holding":"PRODUCTOS DEL MAR VENTISQUEROS S.A.","solicitudes":"[{\"titular\":\"PRODUCTOS DEL MAR VENTISQUEROS S.A.\",\"holding\":\"PRODUCTOS DEL MAR VENTISQUEROS S.A.\",\"fecha\":\"2025-09-02\",\"tipo\":\"DIVISION-RELOCALIZACION\",\"estado\":\"SOLICITUD ESPERA EVALUACION UNIDAD DE ORDENAMIENTO TERRITORIAL DE SUBPESCA\",\"fusion\":false,\"co_centros\":[]},{\"titular\":\"PRODUCTOS DEL MAR VENTISQUEROS S.A.\",\"holding\":\"PRODUCTOS DEL MAR VENTISQUEROS S.A.\",\"fecha\":null,\"tipo\":\"DIVISION-FUSION-RELOCALIZACION\",\"estado\":\"SOLICITUD ESPERA EVALUACION UNIDAD DE ORDENAMIENTO TERRITORIAL DE SUBPESCA\",\"fusion\":true,\"co_centros\":[\"102122\"]}]"}},{"type":"Feature","geometry":{"type":"Point","coordinates":[-72.640544,-42.054544]},"properties":{"codigo":"102122","n_solicitudes":1,"any_fusion":true,"holding":"PRODUCTOS DEL MAR VENTISQUEROS S.A.","solicitudes":"[{\"titular\":\"PRODUCTOS DEL MAR VENTISQUEROS S.A.\",\"holding\":\"PRODUCTOS DEL MAR VENTISQUEROS S.A.\",\"fecha\":null,\"tipo\":\"DIVISION-FUSION-RELOCALIZACION\",\"estado\":\"SOLICITUD ESPERA EVALUACION UNIDAD DE ORDENAMIENTO TERRITORIAL DE SUBPESCA\",\"fusion\":true,\"co_centros\":[\"100176\"]}]"}},{"type":"Feature","geometry":{"type":"Point","coordinates":[-71.106842,-54.080842]},"properties":{"codigo":"120092","n_solicitudes":1,"any_fusion":true,"holding":"NOVA AUSTRAL S.A.","solicitudes":"[{\"titular\":\"NOVA AUSTRAL S.A.\",\"holding\":\"NOVA AUSTRAL S.A.\",\"fecha\":\"2018-06-08\",\"tipo\":\"DIVISION/RELOCALIZACION/FUSION\",\"estado\":\"DEVUELTA DE SUBSECRETARIA DE FUERZAS ARMADAS\",\"fusion\":true,\"co_centros\":[\"120062\"]}]"}},{"type":"Feature","geometry":{"type":"Point","coordinates":[-72.481311,-51.774819]},"properties":{"codigo":"120062","n_solicitudes":4,"any_fusion":true,"holding":"NOVA AUSTRAL S.A.","solicitudes":"[{\"titular\":\"NOVA AUSTRAL S.A.\",\"holding\":\"NOVA AUSTRAL S.A.\",\"fecha\":\"2018-06-08\",\"tipo\":\"DIVISION/RELOCALIZACION/FUSION\",\"estado\":\"DEVUELTA DE SUBSECRETARIA DE FUERZAS ARMADAS\",\"fusion\":true,\"co_centros\":[\"120092\"]},{\"titular\":\"NOVA AUSTRAL S.A.\",\"holding\":\"NOVA AUSTRAL S.A.\",\"fecha\":\"2018-06-08\",\"tipo\":\"DIVISION/RELOCALIZACION/FUSION\",\"estado\":\"DEVUELTA DE SUBSECRETARIA DE FUERZAS ARMADAS\",\"fusion\":true,\"co_centros\":[\"120036\"]},{\"titular\":\"NOVA AUSTRAL S.A.\",\"holding\":\"NOVA AUSTRAL S.A.\",\"fecha\":\"2018-05-08\",\"tipo\":\"DIVISIÓN/FUSION/RELOCALIZACION\",\"estado\":\"DEVUELTA DE SUBSECRETARIA DE FUERZAS ARMADAS\",\"fusion\":true,\"co_centros\":[\"120063\"]},{\"titular\":\"NOVA AUSTRAL S.A.\",\"holding\":\"NOVA AUSTRAL S.A.\",\"fecha\":\"2018-06-08\",\"tipo\":\"FUSION/RELOCALIZACION\",\"estado\":\"DEVUELTA DE SUBSECRETARIA DE FUERZAS ARMADAS\",\"fusion\":true,\"co_centros\":[\"120043\"]}]"}},{"type":"Feature","geometry":{"type":"Point","coordinates":[-72.546622,-51.69185]},"properties":{"codigo":"120036","n_solicitudes":1,"any_fusion":true,"holding":"NOVA AUSTRAL S.A.","solicitudes":"[{\"titular\":\"NOVA AUSTRAL S.A.\",\"holding\":\"NOVA AUSTRAL S.A.\",\"fecha\":\"2018-06-08\",\"tipo\":\"DIVISION/RELOCALIZACION/FUSION\",\"estado\":\"DEVUELTA DE SUBSECRETARIA DE FUERZAS ARMADAS\",\"fusion\":true,\"co_centros\":[\"120062\"]}]"}},{"type":"Feature","geometry":{"type":"Point","coordinates":[-71.539294,-53.952122]},"properties":{"codigo":"120085","n_solicitudes":1,"any_fusion":true,"holding":"NOVA AUSTRAL S.A.","solicitudes":"[{\"titular\":\"NOVA AUSTRAL S.A.\",\"holding\":\"NOVA AUSTRAL S.A.\",\"fecha\":\"2018-07-17\",\"tipo\":\"DIVISION/RELOCALIZACION/FUSION\",\"estado\":\"DEVUELTA DE SUBSECRETARIA DE FUERZAS ARMADAS\",\"fusion\":true,\"co_centros\":[\"120061\"]}]"}},{"type":"Feature","geometry":{"type":"Point","coordinates":[-71.400275,-54.053192]},"properties":{"codigo":"120097","n_solicitudes":1,"any_fusion":true,"holding":"NOVA AUSTRAL S.A.","solicitudes":"[{\"titular\":\"NOVA AUSTRAL S.A.\",\"holding\":\"NOVA AUSTRAL S.A.\",\"fecha\":\"2018-07-17\",\"tipo\":\"DIVISION/RELOCALIZACION/FUSION\",\"estado\":\"DEVUELTA DE SUBSECRETARIA DE FUERZAS ARMADAS\",\"fusion\":true,\"co_centros\":[\"120061\"]}]"}},{"type":"Feature","geometry":{"type":"Point","coordinates":[-72.577969,-51.797481]},"properties":{"codigo":"120029","n_solicitudes":1,"any_fusion":true,"holding":"NOVA AUSTRAL S.A.","solicitudes":"[{\"titular\":\"NOVA AUSTRAL S.A.\",\"holding\":\"NOVA AUSTRAL S.A.\",\"fecha\":\"2018-07-17\",\"tipo\":\"DIVISION/RELOCALIZACION/FUSION\",\"estado\":\"DEVUELTA DE SUBSECRETARIA DE FUERZAS ARMADAS\",\"fusion\":true,\"co_centros\":[\"120061\"]}]"}},{"type":"Feature","geometry":{"type":"Point","coordinates":[-71.529181,-53.965406]},"properties":{"codigo":"120091","n_solicitudes":1,"any_fusion":true,"holding":"NOVA AUSTRAL S.A.","solicitudes":"[{\"titular\":\"NOVA AUSTRAL S.A.\",\"holding\":\"NOVA AUSTRAL S.A.\",\"fecha\":\"2018-07-17\",\"tipo\":\"DIVISION/RELOCALIZACION/FUSION\",\"estado\":\"DEVUELTA DE SUBSECRETARIA DE FUERZAS ARMADAS\",\"fusion\":true,\"co_centros\":[\"120061\"]}]"}},{"type":"Feature","geometry":{"type":"Point","coordinates":[-72.833628,-51.761156]},"properties":{"codigo":"120063","n_solicitudes":1,"any_fusion":true,"holding":"NOVA AUSTRAL S.A.","solicitudes":"[{\"titular\":\"NOVA AUSTRAL S.A.\",\"holding\":\"NOVA AUSTRAL S.A.\",\"fecha\":\"2018-05-08\",\"tipo\":\"DIVISIÓN/FUSION/RELOCALIZACION\",\"estado\":\"DEVUELTA DE SUBSECRETARIA DE FUERZAS ARMADAS\",\"fusion\":true,\"co_centros\":[\"120062\"]}]"}},{"type":"Feature","geometry":{"type":"Point","coordinates":[-72.621914,-51.665592]},"properties":{"codigo":"120043","n_solicitudes":1,"any_fusion":true,"holding":"NOVA AUSTRAL S.A.","solicitudes":"[{\"titular\":\"NOVA AUSTRAL S.A.\",\"holding\":\"NOVA AUSTRAL S.A.\",\"fecha\":\"2018-06-08\",\"tipo\":\"FUSION/RELOCALIZACION\",\"estado\":\"DEVUELTA DE SUBSECRETARIA DE FUERZAS ARMADAS\",\"fusion\":true,\"co_centros\":[\"120062\"]}]"}},{"type":"Feature","geometry":{"type":"Point","coordinates":[-71.135619,-54.151522]},"properties":{"codigo":"120070","n_solicitudes":1,"any_fusion":true,"holding":"NOVA AUSTRAL S.A.","solicitudes":"[{\"titular\":\"NOVA AUSTRAL S.A.\",\"holding\":\"NOVA AUSTRAL S.A.\",\"fecha\":\"2020-04-28\",\"tipo\":\"FUSION-RELOCALIZACION\",\"estado\":\"SUPEDITADA A PLAN DE MANEJO DE AREA PROTEGIDA\",\"fusion\":true,\"co_centros\":[\"120067\"]}]"}},{"type":"Feature","geometry":{"type":"Point","coordinates":[-71.217758,-54.145822]},"properties":{"codigo":"120067","n_solicitudes":1,"any_fusion":true,"holding":"NOVA AUSTRAL S.A.","solicitudes":"[{\"titular\":\"NOVA AUSTRAL S.A.\",\"holding\":\"NOVA AUSTRAL S.A.\",\"fecha\":\"2020-04-28\",\"tipo\":\"FUSION-RELOCALIZACION\",\"estado\":\"SUPEDITADA A PLAN DE MANEJO DE AREA PROTEGIDA\",\"fusion\":true,\"co_centros\":[\"120070\"]}]"}},{"type":"Feature","geometry":{"type":"Point","coordinates":[-71.123292,-54.100169]},"properties":{"codigo":"120068","n_solicitudes":1,"any_fusion":true,"holding":"NOVA AUSTRAL S.A.","solicitudes":"[{\"titular\":\"NOVA AUSTRAL S.A.\",\"holding\":\"NOVA AUSTRAL S.A.\",\"fecha\":\"2020-04-28\",\"tipo\":\"FUSIÓN/RELOCALIZACIÓN\",\"estado\":\"SUPEDITADA A PLAN DE MANEJO DE AREA PROTEGIDA\",\"fusion\":true,\"co_centros\":[\"120008\"]}]"}},{"type":"Feature","geometry":{"type":"Point","coordinates":[-72.653303,-51.633292]},"properties":{"codigo":"120008","n_solicitudes":1,"any_fusion":true,"holding":"NOVA AUSTRAL S.A.","solicitudes":"[{\"titular\":\"NOVA AUSTRAL S.A.\",\"holding\":\"NOVA AUSTRAL S.A.\",\"fecha\":\"2020-04-28\",\"tipo\":\"FUSIÓN/RELOCALIZACIÓN\",\"estado\":\"SUPEDITADA A PLAN DE MANEJO DE AREA PROTEGIDA\",\"fusion\":true,\"co_centros\":[\"120068\"]}]"}},{"type":"Feature","geometry":{"type":"Point","coordinates":[-72.637708,-51.824058]},"properties":{"codigo":"120023","n_solicitudes":1,"any_fusion":true,"holding":"NOVA AUSTRAL S.A.","solicitudes":"[{\"titular\":\"NOVA AUSTRAL S.A.\",\"holding\":\"NOVA AUSTRAL S.A.\",\"fecha\":\"2021-04-02\",\"tipo\":\"DIVISION-FUSION-RELOCALIZACION\",\"estado\":\"SUPEDITADA A PLAN DE MANEJO DE AREA PROTEGIDA\",\"fusion\":true,\"co_centros\":[\"120128\"]}]"}},{"type":"Feature","geometry":{"type":"Point","coordinates":[-71.397192,-54.080878]},"properties":{"codigo":"120128","n_solicitudes":2,"any_fusion":true,"holding":"NOVA AUSTRAL S.A.","solicitudes":"[{\"titular\":\"NOVA AUSTRAL S.A.\",\"holding\":\"NOVA AUSTRAL S.A.\",\"fecha\":\"2021-04-02\",\"tipo\":\"DIVISION-FUSION-RELOCALIZACION\",\"estado\":\"SUPEDITADA A PLAN DE MANEJO DE AREA PROTEGIDA\",\"fusion\":true,\"co_centros\":[\"120023\"]},{\"titular\":\"NOVA AUSTRAL S.A.\",\"holding\":\"NOVA AUSTRAL S.A.\",\"fecha\":\"2021-04-02\",\"tipo\":\"DIVISION-RELOCALIZACION\",\"estado\":\"SUPEDITADA A PLAN DE MANEJO DE AREA PROTEGIDA\",\"fusion\":false,\"co_centros\":[]}]"}},{"type":"Feature","geometry":{"type":"Point","coordinates":[-74.000433,-44.495378]},"properties":{"codigo":"110458","n_solicitudes":1,"any_fusion":true,"holding":"MULTIEXPORT FOODS S.A.","solicitudes":"[{\"titular\":\"SALMONES MULTIEXPORT S.A.\",\"holding\":\"MULTIEXPORT FOODS S.A.\",\"fecha\":\"2022-03-31\",\"tipo\":\"FUSIÓN-RELOCALIZACIÓN\",\"estado\":\"SOLICITUD EN PROCESO DE EVALUACION DE INSPECCION DE TERRENO REALIZADA POR SERNAPESCA\",\"fusion\":true,\"co_centros\":[\"110374\"]}]"}},{"type":"Feature","geometry":{"type":"Point","coordinates":[-73.980997,-44.508308]},"properties":{"codigo":"110374","n_solicitudes":1,"any_fusion":true,"holding":"MULTIEXPORT FOODS S.A.","solicitudes":"[{\"titular\":\"SALMONES MULTIEXPORT S.A.\",\"holding\":\"MULTIEXPORT FOODS S.A.\",\"fecha\":\"2022-03-31\",\"tipo\":\"FUSIÓN-RELOCALIZACIÓN\",\"estado\":\"SOLICITUD EN PROCESO DE EVALUACION DE INSPECCION DE TERRENO REALIZADA POR SERNAPESCA\",\"fusion\":true,\"co_centros\":[\"110458\"]}]"}},{"type":"Feature","geometry":{"type":"Point","coordinates":[-74.023606,-44.509633]},"properties":{"codigo":"110388","n_solicitudes":1,"any_fusion":false,"holding":"MULTIEXPORT FOODS S.A.","solicitudes":"[{\"titular\":\"SOC. DE INVERSIONES ISLA VICTORIA LTDA.\",\"holding\":\"MULTIEXPORT FOODS S.A.\",\"fecha\":\"2010-08-22\",\"tipo\":\"RELOCALIZACION\",\"estado\":\"SUPEDITADA A PLAN DE MANEJO DE AREA PROTEGIDA\",\"fusion\":false,\"co_centros\":[]}]"}},{"type":"Feature","geometry":{"type":"Point","coordinates":[-72.454364,-42.451325]},"properties":{"codigo":"104130","n_solicitudes":1,"any_fusion":true,"holding":"SALMONES AUSTRAL S.A.","solicitudes":"[{\"titular\":\"TRUSAL SA/ SALMONES PACIFIC STAR S.A.\",\"holding\":\"SALMONES AUSTRAL S.A.\",\"fecha\":\"2021-05-29\",\"tipo\":\"FUSION-RELOCALIZACION\",\"estado\":\"SOLICITUD SUPEDITADA A ENVIO DE ANTECEDENTES\",\"fusion\":true,\"co_centros\":[\"101782\",\"104100\"]}]"}},{"type":"Feature","geometry":{"type":"Point","coordinates":[-73.540139,-43.124225]},"properties":{"codigo":"101782","n_solicitudes":1,"any_fusion":true,"holding":"SALMONES AUSTRAL S.A.","solicitudes":"[{\"titular\":\"TRUSAL SA/ SALMONES PACIFIC STAR S.A.\",\"holding\":\"SALMONES AUSTRAL S.A.\",\"fecha\":\"2021-05-29\",\"tipo\":\"FUSION-RELOCALIZACION\",\"estado\":\"SOLICITUD SUPEDITADA A ENVIO DE ANTECEDENTES\",\"fusion\":true,\"co_centros\":[\"104130\",\"104100\"]}]"}},{"type":"Feature","geometry":{"type":"Point","coordinates":[-73.771053,-43.314669]},"properties":{"codigo":"104100","n_solicitudes":1,"any_fusion":true,"holding":"SALMONES AUSTRAL S.A.","solicitudes":"[{\"titular\":\"TRUSAL SA/ SALMONES PACIFIC STAR S.A.\",\"holding\":\"SALMONES AUSTRAL S.A.\",\"fecha\":\"2021-05-29\",\"tipo\":\"FUSION-RELOCALIZACION\",\"estado\":\"SOLICITUD SUPEDITADA A ENVIO DE ANTECEDENTES\",\"fusion\":true,\"co_centros\":[\"104130\",\"101782\"]}]"}}]}